Date,DailyCases,CumulativeCases,Deaths,PCROnly,PCROnlyCumulative,LFDOnly,LFDOnlyCumulative,LFDAndPCR,LFDAndPCRCumulative
2020-02-28,1,1,0,,,,,,
2020-02-29,0,1,0,,,,,,
2020-03-01,2,3,0,,,,,,
2020-03-02,1,4,0,,,,,,
2020-03-03,3,7,0,,,,,,
2020-03-04,6,13,0,,,,,,
2020-03-05,2,15,0,,,,,,
2020-03-06,6,21,0,,,,,,
2020-03-07,6,27,0,,,,,,
2020-03-08,3,30,0,,,,,,
2020-03-09,16,46,0,,,,,,
2020-03-10,21,67,0,,,,,,
2020-03-11,25,92,0,,,,,,
2020-03-12,38,130,1,,,,,,
2020-03-13,48,178,1,,,,,,
2020-03-14,19,197,3,,,,,,
2020-03-15,12,209,3,,,,,,
2020-03-16,21,230,4,,,,,,
2020-03-17,43,273,6,,,,,,
2020-03-18,41,314,6,,,,,,
2020-03-19,50,364,9,,,,,,
2020-03-20,84,448,14,,,,,,
2020-03-21,67,515,20,,,,,,
2020-03-22,74,589,25,,,,,,
2020-03-23,138,727,29,,,,,,
2020-03-24,167,894,36,,,,,,
2020-03-25,188,1082,47,,,,,,
2020-03-26,223,1305,59,,,,,,
2020-03-27,274,1579,70,,,,,,
2020-03-28,204,1783,99,,,,,,
2020-03-29,197,1980,119,,,,,,
2020-03-30,317,2297,149,,,,,,
2020-03-31,341,2638,187,,,,,,
2020-04-01,389,3027,233,,,,,,
2020-04-02,351,3378,269,,,,,,
2020-04-03,381,3759,327,,,,,,
2020-04-04,261,4020,355,,,,,,
2020-04-05,225,4245,402,,,,,,
2020-04-06,404,4649,465,,,,,,
2020-04-07,352,5001,514,,,,,,
2020-04-08,343,5344,568,,,,,,
2020-04-09,304,5648,634,,,,,,
2020-04-10,329,5977,692,,,,,,
2020-04-11,185,6162,742,,,,,,
2020-04-12,220,6382,790,,,,,,
2020-04-13,359,6741,831,,,,,,
2020-04-14,346,7087,882,,,,,,
2020-04-15,331,7418,924,,,,,,
2020-04-16,428,7846,967,,,,,,
2020-04-17,394,8240,1005,,,,,,
2020-04-18,264,8504,1057,,,,,,
2020-04-19,159,8663,1103,,,,,,
2020-04-20,348,9011,1164,,,,,,
2020-04-21,400,9411,1215,,,,,,
2020-04-22,340,9751,1261,,,,,,
2020-04-23,314,10065,1310,,,,,,
2020-04-24,306,10371,1348,,,,,,
2020-04-25,184,10555,1396,,,,,,
2020-04-26,171,10726,1439,,,,,,
2020-04-27,434,11160,1499,,,,,,
2020-04-28,383,11543,1539,,,,,,
2020-04-29,431,11974,1577,,,,,,
2020-04-30,337,12311,1620,,,,,,
2020-05-01,375,12686,1668,,,,,,
2020-05-02,222,12908,1712,,,,,,
2020-05-03,188,13096,1749,,,,,,
2020-05-04,329,13425,1789,,,,,,
2020-05-05,288,13713,1839,,,,,,
2020-05-06,307,14020,1882,,,,,,
2020-05-07,297,14317,1922,,,,,,
2020-05-08,258,14575,1956,,,,,,
2020-05-09,180,14755,1990,,,,,,
2020-05-10,153,14908,2018,,,,,,
2020-05-11,265,15173,2050,,,,,,
2020-05-12,230,15403,2081,,,,,,
2020-05-13,198,15601,2123,,,,,,
2020-05-14,211,15812,2158,,,,,,
2020-05-15,151,15963,2184,,,,,,
2020-05-16,103,16066,2213,,,,,,
2020-05-17,93,16159,2239,,,,,,
2020-05-18,141,16300,2262,,,,,,
2020-05-19,182,16482,2290,,,,,,
2020-05-20,121,16603,2312,,,,,,
2020-05-21,111,16714,2336,,,,,,
2020-05-22,91,16805,2353,,,,,,
2020-05-23,50,16855,2364,,,,,,
2020-05-24,53,16908,2372,,,,,,
2020-05-25,96,17004,2386,,,,,,
2020-05-26,478,17482,2400,,,,,,
2020-05-27,66,17548,2416,,,,,,
2020-05-28,55,17603,2432,,,,,,
2020-05-29,30,17633,2443,,,,,,
2020-05-30,40,17673,2449,,,,,,
2020-05-31,23,17696,2455,,,,,,
2020-06-01,38,17734,2458,,,,,,
2020-06-02,46,17780,2464,,,,,,
2020-06-03,34,17814,2472,,,,,,
2020-06-04,35,17849,2473,,,,,,
2020-06-05,24,17873,2482,,,,,,
2020-06-06,22,17895,2485,,,,,,
2020-06-07,17,17912,2492,,,,,,
2020-06-08,18,17930,2498,,,,,,
2020-06-09,27,17957,2499,,,,,,
2020-06-10,29,17986,2504,,,,,,
2020-06-11,21,18007,2506,,,,,,
2020-06-12,30,18037,2508,,,,,,
2020-06-13,22,18059,2511,,,,,,
2020-06-14,13,18072,2515,,,,,,
2020-06-15,21,18093,2518,,,,,,
2020-06-16,17,18110,2524,,,,,,
2020-06-17,33,18143,2527,,,,,,
2020-06-18,14,18157,2530,,,,,,
2020-06-19,24,18181,2530,,,,,,
2020-06-20,6,18187,2533,,,,,,
2020-06-21,9,18196,2535,,,,,,
2020-06-22,10,18206,2538,,,,,,
2020-06-23,20,18226,2539,,,,,,
2020-06-24,8,18234,2540,,,,,,
2020-06-25,19,18253,2540,,,,,,
2020-06-26,6,18259,2540,,,,,,
2020-06-27,4,18263,2544,,,,,,
2020-06-28,3,18266,2545,,,,,,
2020-06-29,14,18280,2546,,,,,,
2020-06-30,8,18288,2546,,,,,,
2020-07-01,11,18299,2546,,,,,,
2020-07-02,13,18312,2546,,,,,,
2020-07-03,6,18318,2547,,,,,,
2020-07-04,5,18323,2547,,,,,,
2020-07-05,2,18325,2548,,,,,,
2020-07-06,8,18333,2548,,,,,,
2020-07-07,11,18344,2548,,,,,,
2020-07-08,10,18354,2548,,,,,,
2020-07-09,8,18362,2548,,,,,,
2020-07-10,12,18374,2548,,,,,,
2020-07-11,9,18383,2548,,,,,,
2020-07-12,2,18385,2548,,,,,,
2020-07-13,18,18403,2548,,,,,,
2020-07-14,10,18413,2548,,,,,,
2020-07-15,16,18429,2548,,,,,,
2020-07-16,21,18450,2548,,,,,,
2020-07-17,8,18458,2548,,,,,,
2020-07-18,13,18471,2548,,,,,,
2020-07-19,17,18488,2548,,,,,,
2020-07-20,13,18501,2548,,,,,,
2020-07-21,19,18520,2548,,,,,,
2020-07-22,16,18536,2548,,,,,,
2020-07-23,23,18559,2548,,,,,,
2020-07-24,11,18570,2548,,,,,,
2020-07-25,3,18573,2549,,,,,,
2020-07-26,7,18580,2549,,,,,,
2020-07-27,13,18593,2549,,,,,,
2020-07-28,22,18615,2549,,,,,,
2020-07-29,28,18643,2549,,,,,,
2020-07-30,27,18670,2549,,,,,,
2020-07-31,21,18691,2549,,,,,,
2020-08-01,22,18713,2549,,,,,,
2020-08-02,19,18732,2549,,,,,,
2020-08-03,60,18792,2549,,,,,,
2020-08-04,57,18849,2549,,,,,,
2020-08-05,64,18913,2549,,,,,,
2020-08-06,62,18975,2549,,,,,,
2020-08-07,46,19021,2549,,,,,,
2020-08-08,27,19048,2549,,,,,,
2020-08-09,26,19074,2549,,,,,,
2020-08-10,57,19131,2549,,,,,,
2020-08-11,64,19195,2549,,,,,,
2020-08-12,48,19243,2549,,,,,,
2020-08-13,52,19295,2549,,,,,,
2020-08-14,50,19345,2549,,,,,,
2020-08-15,20,19365,2549,,,,,,
2020-08-16,30,19395,2549,,,,,,
2020-08-17,72,19467,2549,,,,,,
2020-08-18,77,19544,2549,,,,,,
2020-08-19,91,19635,2550,,,,,,
2020-08-20,140,19775,2550,,,,,,
2020-08-21,90,19865,2550,,,,,,
2020-08-22,47,19912,2551,,,,,,
2020-08-23,65,19977,2552,,,,,,
2020-08-24,60,20037,2552,,,,,,
2020-08-25,69,20106,2552,,,,,,
2020-08-26,97,20203,2552,,,,,,
2020-08-27,99,20302,2552,,,,,,
2020-08-28,104,20406,2553,,,,,,
2020-08-29,95,20501,2553,,,,,,
2020-08-30,102,20603,2553,,,,,,
2020-08-31,144,20747,2553,,,,,,
2020-09-01,199,20946,2553,,,,,,
2020-09-02,191,21137,2554,,,,,,
2020-09-03,201,21338,2555,,,,,,
2020-09-04,171,21509,2556,,,,,,
2020-09-05,136,21645,2556,,,,,,
2020-09-06,153,21798,2556,,,,,,
2020-09-07,167,21965,2556,,,,,,
2020-09-08,102,22067,2556,,,,,,
2020-09-09,222,22289,2556,,,,,,
2020-09-10,216,22505,2556,,,,,,
2020-09-11,209,22714,2556,,,,,,
2020-09-12,207,22921,2556,,,,,,
2020-09-13,166,23087,2557,,,,,,
2020-09-14,177,23264,2560,,,,,,
2020-09-15,227,23491,2560,,,,,,
2020-09-16,268,23759,2560,,,,,,
2020-09-17,254,24013,2561,,,,,,
2020-09-18,269,24282,2563,,,,,,
2020-09-19,232,24514,2563,,,,,,
2020-09-20,315,24829,2566,,,,,,
2020-09-21,454,25283,2568,,,,,,
2020-09-22,493,25776,2570,,,,,,
2020-09-23,567,26343,2572,,,,,,
2020-09-24,715,27058,2574,,,,,,
2020-09-25,578,27636,2575,,,,,,
2020-09-26,434,28070,2577,,,,,,
2020-09-27,358,28428,2579,,,,,,
2020-09-28,623,29051,2582,,,,,,
2020-09-29,659,29710,2583,,,,,,
2020-09-30,794,30504,2587,,,,,,
2020-10-01,778,31282,2592,,,,,,
2020-10-02,817,32099,2593,,,,,,
2020-10-03,695,32794,2596,,,,,,
2020-10-04,742,33536,2599,,,,,,
2020-10-05,1099,34635,2601,,,,,,
2020-10-06,1190,35825,2605,,,,,,
2020-10-07,1253,37078,2614,,,,,,
2020-10-08,1169,38247,2625,,,,,,
2020-10-09,1093,39340,2631,,,,,,
2020-10-10,941,40281,2642,,,,,,
2020-10-11,959,41240,2653,,,,,,
2020-10-12,1354,42594,2661,,,,,,
2020-10-13,1421,44015,2673,,,,,,
2020-10-14,1292,45307,2679,,,,,,
2020-10-15,1292,46599,2695,,,,,,
2020-10-16,1252,47851,2715,,,,,,
2020-10-17,855,48706,2725,,,,,,
2020-10-18,833,49539,2747,,,,,,
2020-10-19,1359,50898,2763,,,,,,
2020-10-20,1690,52588,2782,,,,,,
2020-10-21,1579,54167,2793,,,,,,
2020-10-22,1491,55658,2810,,,,,,
2020-10-23,1280,56938,2828,,,,,,
2020-10-24,953,57891,2848,,,,,,
2020-10-25,939,58830,2871,,,,,,
2020-10-26,1345,60175,2902,,,,,,
2020-10-27,1305,61480,2918,,,,,,
2020-10-28,1266,62746,2947,,,,,,
2020-10-29,1098,63844,2976,,,,,,
2020-10-30,1088,64932,3011,,,,,,
2020-10-31,742,65674,3035,,,,,,
2020-11-01,969,66643,3070,,,,,,
2020-11-02,1474,68117,3100,,,,,,
2020-11-03,1392,69509,3135,,,,,,
2020-11-04,1301,70810,3154,,,,,,
2020-11-05,1295,72105,3195,,,,,,
2020-11-06,1134,73239,3222,,,,,,
2020-11-07,842,74081,3259,,,,,,
2020-11-08,873,74954,3295,,,,,,
2020-11-09,1296,76250,3337,,,,,,
2020-11-10,1287,77537,3373,,,,,,
2020-11-11,1247,78784,3410,,,,,,
2020-11-12,1195,79979,3442,,,,,,
2020-11-13,1054,81033,3480,,,,,,
2020-11-14,903,81936,3521,,,,,,
2020-11-15,817,82753,3555,,,,,,
2020-11-16,1277,84030,3588,,,,,,
2020-11-17,1225,85255,3624,,,,,,
2020-11-18,1113,86368,3648,,,,,,
2020-11-19,984,87352,3673,,,,,,
2020-11-20,860,88212,3702,,,,,,
2020-11-21,764,88976,3735,,,,,,
2020-11-22,709,89685,3771,,,,,,
2020-11-23,1156,90841,3802,,,,,,
2020-11-24,994,91835,3832,,,,,,
2020-11-25,932,92767,3864,,,,,,
2020-11-26,804,93571,3887,,,,,,
2020-11-27,738,94309,3911,,,,,,
2020-11-28,572,94881,3952,,,,,,
2020-11-29,558,95439,3980,,,,,,
2020-11-30,973,96412,4012,,,,,,
2020-12-01,932,97344,4039,,,,,,
2020-12-02,951,98295,4059,,,,,,
2020-12-03,805,99100,4095,,,,,,
2020-12-04,649,99749,4124,,,,,,
2020-12-05,666,100415,4143,,,,,,
2020-12-06,643,101058,4172,,,,,,
2020-12-07,955,102013,4201,,,,,,
2020-12-08,1046,103059,4229,,,,,,
2020-12-09,1008,104067,4252,,,,,,
2020-12-10,902,104969,4275,,,,,,
2020-12-11,872,105841,4295,,,,,,
2020-12-12,681,106522,4318,,,,,,
2020-12-13,719,107241,4344,,,,,,
2020-12-14,1081,108322,4375,,,,,,
2020-12-15,1030,109352,4407,,,,,,
2020-12-16,1028,110380,4438,,,,,,
2020-12-17,909,111289,4474,,,,,,
2020-12-18,920,112209,4497,,,,,,
2020-12-19,748,112957,4524,,,,,,
2020-12-20,812,113769,4553,,,,,,
2020-12-21,1304,115073,4578,,,,,,
2020-12-22,1327,116400,4606,,,,,,
2020-12-23,1311,117711,4641,,,,,,
2020-12-24,1017,118728,4677,,,,,,
2020-12-25,515,119243,4712,,,,,,
2020-12-26,1050,120293,4746,,,,,,
2020-12-27,1681,121974,4780,,,,,,
2020-12-28,1804,123778,4811,,,,,,
2020-12-29,3130,126908,4838,,,,,,
2020-12-30,2963,129871,4870,,,,,,
2020-12-31,2374,132245,4914,,,,,,
2021-01-01,1159,133404,4949,,,,,,
2021-01-02,2211,135615,4991,,,,,,
2021-01-03,2218,137833,5033,,,,,,
2021-01-04,2375,140208,5070,,,,,,
2021-01-05,3050,143258,5110,,,,,,
2021-01-06,2543,145801,5158,,,,,,
2021-01-07,2196,147997,5202,,,,,,
2021-01-08,1823,149820,5244,,,,,,
2021-01-09,1497,151317,5282,,,,,,
2021-01-10,1423,152740,5341,,,,,,
2021-01-11,2088,154828,5389,,,,,,
2021-01-12,1977,156805,5440,,,,,,
2021-01-13,1712,158517,5491,,,,,,
2021-01-14,1620,160137,5549,,,,,,
2021-01-15,1535,161672,5607,,,,,,
2021-01-16,1176,162848,5683,,,,,,
2021-01-17,1199,164047,5726,,,,,,
2021-01-18,1735,165782,5789,,,,,,
2021-01-19,1546,167328,5859,,,,,,
2021-01-20,1572,168900,5925,,,,,,
2021-01-21,1240,170140,5981,,,,,,
2021-01-22,1228,171368,6049,,,,,,
2021-01-23,936,172304,6102,,,,,,
2021-01-24,857,173161,6172,,,,,,
2021-01-25,1318,174479,6224,,,,,,
2021-01-26,1177,175656,6274,,,,,,
2021-01-27,1112,176768,6335,,,,,,
2021-01-28,1113,177881,6381,,,,,,
2021-01-29,961,178842,6440,,,,,,
2021-01-30,779,179621,6484,,,,,,
2021-01-31,808,180429,6532,,,,,,
2021-02-01,1095,181524,6575,,,,,,
2021-02-02,1049,182573,6619,,,,,,
2021-02-03,930,183503,6667,,,,,,
2021-02-04,899,184402,6699,,,,,,
2021-02-05,935,185337,6743,,,,,,
2021-02-06,706,186043,6793,,,,,,
2021-02-07,654,186697,6835,,,,,,
2021-02-08,991,187688,6875,,,,,,
2021-02-09,758,188446,6924,,,,,,
2021-02-10,843,189289,6961,,,,,,
2021-02-11,842,190131,6996,,,,,,
2021-02-12,901,191032,7037,,,,,,
2021-02-13,542,191574,7069,,,,,,
2021-02-14,681,192255,7101,,,,,,
2021-02-15,963,193218,7135,,,,,,
2021-02-16,912,194130,7161,,,,,,
2021-02-17,825,194955,7189,,,,,,
2021-02-18,878,195833,7224,,,,,,
2021-02-19,890,196723,7268,,,,,,
2021-02-20,659,197382,7295,,,,,,
2021-02-21,609,197991,7315,,,,,,
2021-02-22,787,198778,7337,,,,,,
2021-02-23,693,199471,7353,,,,,,
2021-02-24,699,200170,7371,,,,,,
2021-02-25,628,200798,7391,,,,,,
2021-02-26,522,201320,7407,,,,,,
2021-02-27,414,201734,7426,,,,,,
2021-02-28,426,202160,7435,,,,,,
2021-03-01,547,202707,7455,,,,,,
2021-03-02,518,203225,7467,,,,,,
2021-03-03,495,203720,7478,,,,,,
2021-03-04,558,204278,7492,,,,,,
2021-03-05,465,204743,7500,,,,,,
2021-03-06,479,205222,7510,,,,,,
2021-03-07,433,205655,7520,,,,,,
2021-03-08,588,206243,7535,,,,,,
2021-03-09,653,206896,7545,,,,,,
2021-03-10,622,207518,7550,,,,,,
2021-03-11,662,208180,7558,,,,,,
2021-03-12,584,208764,7564,,,,,,
2021-03-13,464,209228,7568,,,,,,
2021-03-14,443,209671,7575,,,,,,
2021-03-15,688,210359,7576,,,,,,
2021-03-16,572,210931,7587,,,,,,
2021-03-17,597,211528,7595,,,,,,
2021-03-18,552,212080,7598,,,,,,
2021-03-19,542,212622,7604,,,,,,
2021-03-20,458,213080,7609,,,,,,
2021-03-21,463,213543,7613,,,,,,
2021-03-22,680,214223,7616,,,,,,
2021-03-23,603,214826,7619,,,,,,
2021-03-24,541,215367,7623,,,,,,
2021-03-25,573,215940,7630,,,,,,
2021-03-26,474,216414,7635,,,,,,
2021-03-27,386,216800,7640,,,,,,
2021-03-28,357,217157,7645,,,,,,
2021-03-29,514,217671,7650,,,,,,
2021-03-30,394,218065,7652,,,,,,
2021-03-31,394,218459,7653,,,,,,
2021-04-01,413,218872,7654,,,,,,
2021-04-02,353,219225,7656,,,,,,
2021-04-03,280,219505,7658,,,,,,
2021-04-04,254,219759,7659,,,,,,
2021-04-05,293,220052,7663,,,,,,
2021-04-06,356,220408,7665,,,,,,
2021-04-07,282,220690,7667,,,,,,
2021-04-08,282,220972,7669,,,,,,
2021-04-09,266,221238,7671,,,,,,
2021-04-10,227,221465,7674,,,,,,
2021-04-11,212,221677,7676,,,,,,
2021-04-12,260,221937,7676,,,,,,
2021-04-13,261,222198,7676,,,,,,
2021-04-14,212,222410,7679,,,,,,
2021-04-15,198,222608,7681,,,,,,
2021-04-16,222,222830,7682,,,,,,
2021-04-17,202,223032,7683,,,,,,
2021-04-18,175,223207,7683,,,,,,
2021-04-19,264,223471,7684,,,,,,
2021-04-20,242,223713,7685,,,,,,
2021-04-21,237,223950,7688,,,,,,
2021-04-22,231,224181,7688,,,,,,
2021-04-23,188,224369,7690,,,,,,
2021-04-24,150,224519,7690,,,,,,
2021-04-25,109,224628,7692,,,,,,
2021-04-26,195,224823,7694,,,,,,
2021-04-27,195,225018,7695,,,,,,
2021-04-28,193,225211,7696,,,,,,
2021-04-29,174,225385,7696,,,,,,
2021-04-30,172,225557,7696,,,,,,
2021-05-01,126,225683,7696,,,,,,
2021-05-02,121,225804,7697,,,,,,
2021-05-03,162,225966,7697,,,,,,
2021-05-04,196,226162,7697,,,,,,
2021-05-05,222,226384,7697,,,,,,
2021-05-06,218,226602,7697,,,,,,
2021-05-07,203,226805,7697,,,,,,
2021-05-08,185,226990,7697,,,,,,
2021-05-09,210,227200,7697,,,,,,
2021-05-10,329,227529,7697,,,,,,
2021-05-11,283,227812,7697,,,,,,
2021-05-12,298,228110,7699,,,,,,
2021-05-13,314,228424,7699,,,,,,
2021-05-14,291,228715,7699,,,,,,
2021-05-15,228,228943,7699,,,,,,
2021-05-16,231,229174,7699,,,,,,
2021-05-17,361,229535,7700,,,,,,
2021-05-18,417,229952,7700,,,,,,
2021-05-19,409,230361,7700,,,,,,
2021-05-20,381,230742,7700,,,,,,
2021-05-21,360,231102,7700,,,,,,
2021-05-22,291,231393,7701,,,,,,
2021-05-23,324,231717,7702,,,,,,
2021-05-24,496,232213,7702,,,,,,
2021-05-25,504,232717,7702,,,,,,
2021-05-26,628,233345,7703,,,,,,
2021-05-27,552,233897,7704,,,,,,
2021-05-28,548,234445,7705,,,,,,
2021-05-29,435,234880,7707,,,,,,
2021-05-30,486,235366,7708,,,,,,
2021-05-31,601,235967,7708,,,,,,
2021-06-01,773,236740,7708,,,,,,
2021-06-02,959,237699,7709,,,,,,
2021-06-03,949,238648,7711,,,,,,
2021-06-04,822,239470,7712,,,,,,
2021-06-05,606,240076,7712,,,,,,
2021-06-06,677,240753,7713,,,,,,
2021-06-07,953,241706,7714,,,,,,
2021-06-08,1026,242732,7714,,,,,,
2021-06-09,1056,243788,7716,,,,,,
2021-06-10,1040,244828,7718,,,,,,
2021-06-11,865,245693,7718,,,,,,
2021-06-12,706,246399,7718,,,,,,
2021-06-13,855,247254,7721,,,,,,
2021-06-14,1130,248384,7722,,,,,,
2021-06-15,1279,249663,7728,,,,,,
2021-06-16,1265,250928,7729,,,,,,
2021-06-17,1164,252092,7730,,,,,,
2021-06-18,1231,253323,7732,,,,,,
2021-06-19,997,254320,7734,,,,,,
2021-06-20,1548,255868,7737,,,,,,
2021-06-21,3019,258887,7739,,,,,,
2021-06-22,3243,262130,7743,,,,,,
2021-06-23,2891,265021,7744,,,,,,
2021-06-24,2947,267968,7746,,,,,,
2021-06-25,2619,270587,7747,,,,,,
2021-06-26,2292,272879,7755,,,,,,
2021-06-27,2511,275390,7758,,,,,,
2021-06-28,3922,279312,7761,,,,,,
2021-06-29,3873,283185,7764,,,,,,
2021-06-30,3907,287092,7765,,,,,,
2021-07-01,3429,290521,7767,,,,,,
2021-07-02,3079,293600,7769,,,,,,
2021-07-03,2509,296109,7773,,,,,,
2021-07-04,2407,298516,7779,,,,,,
2021-07-05,3378,301894,7784,,,,,,
2021-07-06,3091,304985,7797,,,,,,
2021-07-07,2896,307881,7802,,,,,,
2021-07-08,2729,310610,7814,,,,,,
2021-07-09,2382,312992,7821,,,,,,
2021-07-10,1812,314804,7828,,,,,,
2021-07-11,1881,316685,7834,,,,,,
2021-07-12,2577,319262,7841,,,,,,
2021-07-13,2444,321706,7851,,,,,,
2021-07-14,2194,323900,7859,,,,,,
2021-07-15,1963,325863,7866,,,,,,
2021-07-16,1749,327612,7871,,,,,,
2021-07-17,1400,329012,7878,,,,,,
2021-07-18,1385,330397,7886,,,,,,
2021-07-19,1908,332305,7895,,,,,,
2021-07-20,1598,333903,7901,,,,,,
2021-07-21,1573,335476,7909,,,,,,
2021-07-22,1378,336854,7918,,,,,,
2021-07-23,1277,338131,7925,,,,,,
2021-07-24,954,339085,7928,,,,,,
2021-07-25,942,340027,7933,,,,,,
2021-07-26,1372,341399,7940,,,,,,
2021-07-27,1353,342752,7948,,,,,,
2021-07-28,1286,344038,7957,,,,,,
2021-07-29,1171,345209,7963,,,,,,
2021-07-30,1034,346243,7970,,,,,,
2021-07-31,769,347012,7976,,,,,,
2021-08-01,873,347885,7986,,,,,,
2021-08-02,1322,349207,7993,,,,,,
2021-08-03,1366,350573,7996,,,,,,
2021-08-04,1293,351866,8002,,,,,,
2021-08-05,1330,353196,8009,,,,,,
2021-08-06,1256,354452,8016,,,,,,
2021-08-07,941,355393,8022,,,,,,
2021-08-08,1040,356433,8028,,,,,,
2021-08-09,1489,357922,8034,,,,,,
2021-08-10,1518,359440,8039,,,,,,
2021-08-11,1567,361007,8042,,,,,,
2021-08-12,1391,362398,8046,,,,,,
2021-08-13,1523,363921,8056,,,,,,
2021-08-14,1471,365392,8062,,,,,,
2021-08-15,1628,367020,8068,,,,,,
2021-08-16,2746,369766,8071,,,,,,
2021-08-17,3362,373128,8075,,,,,,
2021-08-18,3704,376832,8082,,,,,,
2021-08-19,3711,380543,8089,,,,,,
2021-08-20,3421,383964,8096,,,,,,
2021-08-21,3030,386994,8101,,,,,,
2021-08-22,3646,390640,8105,,,,,,
2021-08-23,5518,396158,8112,,,,,,
2021-08-24,5597,401755,8116,,,,,,
2021-08-25,6824,408579,8121,,,,,,
2021-08-26,7223,415802,8126,,,,,,
2021-08-27,6020,421822,8136,,,,,,
2021-08-28,4736,426558,8144,,,,,,
2021-08-29,4431,430989,8152,,,,,,
2021-08-30,6519,437508,8158,,,,,,
2021-08-31,6957,444465,8168,,,,,,
2021-09-01,7491,451956,8176,,,,,,
2021-09-02,7526,459482,8187,,,,,,
2021-09-03,6130,465612,8198,,,,,,
2021-09-04,4986,470598,8208,,,,,,
2021-09-05,4900,475498,8224,,,,,,
2021-09-06,7086,482584,8234,,,,,,
2021-09-07,6658,489242,8252,,,,,,
2021-09-08,6209,495451,8262,,,,,,
2021-09-09,5516,500967,8279,,,,,,
2021-09-10,4757,505724,8304,,,,,,
2021-09-11,3616,509340,8324,,,,,,
2021-09-12,3353,512693,8346,,,,,,
2021-09-13,5053,517746,8367,,,,,,
2021-09-14,4745,522491,8387,,,,,,
2021-09-15,4050,526541,8410,,,,,,
2021-09-16,3556,530097,8426,,,,,,
2021-09-17,3353,533450,8450,,,,,,
2021-09-18,2604,536054,8471,,,,,,
2021-09-19,2781,538835,8498,,,,,,
2021-09-20,3991,542826,8518,,,,,,
2021-09-21,3780,546606,8539,,,,,,
2021-09-22,3488,550094,8570,,,,,,
2021-09-23,3096,553190,8589,,,,,,
2021-09-24,2698,555888,8611,,,,,,
2021-09-25,2125,558013,8632,,,,,,
2021-09-26,2135,560148,8652,,,,,,
2021-09-27,3112,563260,8676,,,,,,
2021-09-28,3175,566435,8692,,,,,,
2021-09-29,2586,569021,8717,,,,,,
2021-09-30,2361,571382,8733,,,,,,
2021-10-01,2040,573422,8752,,,,,,
2021-10-02,1860,575282,8775,,,,,,
2021-10-03,1979,577261,8790,,,,,,
2021-10-04,2945,580206,8804,,,,,,
2021-10-05,2831,583037,8827,,,,,,
2021-10-06,2638,585675,8840,,,,,,
2021-10-07,2593,588268,8859,,,,,,
2021-10-08,2279,590547,8873,,,,,,
2021-10-09,2129,592676,8890,,,,,,
2021-10-10,1879,594555,8904,,,,,,
2021-10-11,2813,597368,8926,,,,,,
2021-10-12,2621,599989,8942,,,,,,
2021-10-13,2631,602620,8961,,,,,,
2021-10-14,2673,605293,8981,,,,,,
2021-10-15,2568,607861,8997,,,,,,
2021-10-16,2149,610010,9015,,,,,,
2021-10-17,2299,612309,9030,,,,,,
2021-10-18,2950,615259,9045,,,,,,
2021-10-19,2764,618023,9054,,,,,,
2021-10-20,2840,620863,9070,,,,,,
2021-10-21,2536,623399,9092,,,,,,
2021-10-22,2444,625843,9108,,,,,,
2021-10-23,2132,627975,9131,,,,,,
2021-10-24,2319,630294,9152,,,,,,
2021-10-25,3296,633590,9160,,,,,,
2021-10-26,2916,636506,9179,,,,,,
2021-10-27,2651,639157,9193,,,,,,
2021-10-28,2497,641654,9213,,,,,,
2021-10-29,2547,644201,9232,,,,,,
2021-10-30,2029,646230,9248,,,,,,
2021-10-31,2071,648301,9264,,,,,,
2021-11-01,3299,651600,9291,,,,,,
2021-11-02,3046,654646,9304,,,,,,
2021-11-03,2983,657629,9320,,,,,,
2021-11-04,2797,660426,9342,,,,,,
2021-11-05,2781,663207,9359,,,,,,
2021-11-06,2225,665432,9376,,,,,,
2021-11-07,2301,667733,9388,,,,,,
2021-11-08,3823,671556,9400,,,,,,
2021-11-09,3456,675012,9406,,,,,,
2021-11-10,3295,678307,9420,,,,,,
2021-11-11,3216,681523,9428,,,,,,
2021-11-12,2856,684379,9445,,,,,,
2021-11-13,2321,686700,9455,,,,,,
2021-11-14,2423,689123,9470,,,,,,
2021-11-15,3642,692765,9489,,,,,,
2021-11-16,3280,696045,9494,,,,,,
2021-11-17,3318,699363,9506,,,,,,
2021-11-18,2992,702355,9515,,,,,,
2021-11-19,2785,705140,9524,,,,,,
2021-11-20,2214,707354,9534,,,,,,
2021-11-21,2175,709529,9543,,,,,,
2021-11-22,3161,712690,9558,,,,,,
2021-11-23,2882,715572,9569,,,,,,
2021-11-24,2896,718468,9575,,,,,,
2021-11-25,2492,720960,9585,,,,,,
2021-11-26,2236,723196,9600,,,,,,
2021-11-27,1884,725080,9613,,,,,,
2021-11-28,2331,727411,9629,,,,,,
2021-11-29,3457,730868,9640,,,,,,
2021-11-30,3295,734163,9643,,,,,,
2021-12-01,3094,737257,9657,,,,,,
2021-12-02,2927,740184,9669,,,,,,
2021-12-03,2641,742825,9676,,,,,,
2021-12-04,2123,744948,9688,,,,,,
2021-12-05,2485,747433,9696,,,,,,
2021-12-06,3765,751198,9709,,,,,,
2021-12-07,3720,754918,9727,,,,,,
2021-12-08,4125,759043,9737,,,,,,
2021-12-09,3963,763006,9746,,,,,,
2021-12-10,3722,766728,9753,,,,,,
2021-12-11,3232,769960,9761,,,,,,
2021-12-12,3328,773288,9769,,,,,,
2021-12-13,5602,778890,9774,,,,,,
2021-12-14,6259,785149,9782,,,,,,
2021-12-15,6845,791994,9788,,,,,,
2021-12-16,6269,798263,9795,,,,,,
2021-12-17,5600,803863,9801,,,,,,
2021-12-18,4918,808781,9808,,,,,,
2021-12-19,5273,814054,9815,,,,,,
2021-12-20,8089,822143,9827,,,,,,
2021-12-21,9736,831879,9836,,,,,,
2021-12-22,10902,842781,9843,,,,,,
2021-12-23,11326,854107,9848,,,,,,
2021-12-24,8942,863049,9853,,,,,,
2021-12-25,4517,867566,9861,,,,,,
2021-12-26,6976,874542,9863,,,,,,
2021-12-27,17293,891835,9872,,,,,,
2021-12-28,18264,910099,9886,,,,,,
2021-12-29,21425,931524,9895,,,,,,
2021-12-30,20168,951692,9905,,,,,,
2021-12-31,16158,967850,9914,,,,,,
2022-01-01,6792,974642,9923,,,,,,
2022-01-02,14301,988943,9930,,,,,,
2022-01-03,17744,1006687,9937,,,,,,
2022-01-04,17859,1024546,9956,,,,,,
2022-01-05,20510,1045056,9966,16955.0,1041501.0,939.0,939.0,2616.0,2616.0
2022-01-06,12611,1057667,9985,8785.0,1050286.0,2100.0,3039.0,1726.0,4342.0
2022-01-07,8243,1065910,9995,5175.0,1055461.0,1904.0,4943.0,1164.0,5506.0
2022-01-08,6550,1072460,10009,3655.0,1059116.0,1794.0,6737.0,1101.0,6607.0
2022-01-09,6942,1079402,10027,3452.0,1062568.0,2193.0,8930.0,1297.0,7904.0
2022-01-10,8470,1087872,10046,5003.0,1067571.0,2203.0,11133.0,1264.0,9168.0
2022-01-11,7489,1095361,10060,4258.0,1071829.0,2048.0,13181.0,1183.0,10351.0
2022-01-12,6947,1102308,10076,3720.0,1075549.0,2232.0,15413.0,995.0,11346.0
2022-01-13,6614,1108922,10106,3440.0,1078989.0,2184.0,17597.0,990.0,12336.0
2022-01-14,5871,1114793,10124,2984.0,1081973.0,2069.0,19666.0,818.0,13154.0
2022-01-15,5247,1120040,10148,2378.0,1084351.0,2118.0,21784.0,751.0,13905.0
2022-01-16,6390,1126430,10169,2486.0,1086837.0,2851.0,24635.0,1053.0,14958.0
2022-01-17,8253,1134683,10187,3802.0,1090639.0,3246.0,27881.0,1205.0,16163.0
2022-01-18,7688,1142371,10204,3468.0,1094107.0,3225.0,31106.0,995.0,17158.0
2022-01-19,7081,1149452,10227,3098.0,1097205.0,3003.0,34109.0,980.0,18138.0
2022-01-20,6432,1155884,10245,2766.0,1099971.0,2808.0,36917.0,858.0,18996.0
2022-01-21,6034,1161918,10266,2465.0,1102436.0,2745.0,39662.0,824.0,19820.0
2022-01-22,5543,1167461,10279,2059.0,1104495.0,2683.0,42345.0,801.0,20621.0
2022-01-23,6599,1174060,10299,2083.0,1106578.0,3528.0,45873.0,988.0,21609.0
2022-01-24,8544,1182604,10316,3554.0,1110132.0,3818.0,49691.0,1172.0,22781.0
2022-01-25,7579,1190183,10332,3146.0,1113278.0,3409.0,53100.0,1024.0,23805.0
2022-01-26,7351,1197534,10346,2970.0,1116248.0,3354.0,56454.0,1027.0,24832.0
2022-01-27,6375,1203909,10367,2644.0,1118892.0,2886.0,59340.0,845.0,25677.0
2022-01-28,5978,1209887,10388,2397.0,1121289.0,2778.0,62118.0,803.0,26480.0
2022-01-29,4913,1214800,10402,1568.0,1122857.0,2639.0,64757.0,706.0,27186.0
2022-01-30,6222,1221022,10415,1960.0,1124817.0,3315.0,68072.0,947.0,28133.0
2022-01-31,7935,1228957,10426,3321.0,1128138.0,3464.0,71536.0,1150.0,29283.0
2022-02-01,7471,1236428,10446,2960.0,1131098.0,3407.0,74943.0,1104.0,30387.0
2022-02-02,7100,1243528,10456,2899.0,1133997.0,3168.0,78111.0,1033.0,31420.0
2022-02-03,6430,1249958,10470,2667.0,1136664.0,2913.0,81024.0,850.0,32270.0
2022-02-04,5361,1255319,10475,2218.0,1138882.0,2482.0,83506.0,661.0,32931.0
2022-02-05,4732,1260051,10487,1705.0,1140587.0,2397.0,85903.0,630.0,33561.0
2022-02-06,5405,1265456,10495,1747.0,1142334.0,2909.0,88812.0,749.0,34310.0
2022-02-07,6873,1272329,10500,2831.0,1145165.0,3076.0,91888.0,966.0,35276.0
2022-02-08,7602,1279931,10506,3267.0,1148432.0,3298.0,95186.0,1037.0,36313.0
2022-02-09,7276,1287207,10509,3202.0,1151634.0,3138.0,98324.0,936.0,37249.0
2022-02-10,5961,1293168,10512,2619.0,1154253.0,2672.0,100996.0,670.0,37919.0
2022-02-11,5435,1298603,10512,2418.0,1156671.0,2532.0,103528.0,485.0,38404.0
2022-02-12,4714,1303317,10512,1789.0,1158460.0,2589.0,106117.0,336.0,38740.0
2022-02-13,2975,1306292,10512,245.0,1158705.0,2639.0,108756.0,91.0,38831.0
