Date,HB,HBName,DailyPositive,CumulativePositive,DailyPositivePCROnly,CumulativePositivePCROnly,DailyPositiveLFDOnly,CumulativePositiveLFDOnly,DailyPositivePCRAndLFD,CumulativePositivePCRAndLFD,DailyDeaths,CumulativeDeaths,CrudeRateDeaths,PositiveTests,PositiveTestsLFDOnly,HospitalAdmissions,HospitalAdmissionsQF,ICUAdmissions,ICUAdmissionsQF,PositivePillar1,PositivePillar2
2020-02-28,S92000003,Scotland,1,1,,,,,,,0,0,0.0,2,,,:,,:,2.0,0.0
2020-02-29,S92000003,Scotland,0,1,,,,,,,0,0,0.0,0,,,:,,:,,
2020-03-01,S92000003,Scotland,2,3,,,,,,,0,0,0.0,2,,7.0,,,:,2.0,0.0
2020-03-02,S92000003,Scotland,1,4,,,,,,,0,0,0.0,4,,11.0,,,:,4.0,0.0
2020-03-03,S92000003,Scotland,3,7,,,,,,,0,0,0.0,6,,13.0,,,:,6.0,0.0
2020-03-04,S92000003,Scotland,6,13,,,,,,,0,0,0.0,10,,10.0,,,:,10.0,0.0
2020-03-05,S92000003,Scotland,2,15,,,,,,,0,0,0.0,8,,20.0,,,:,8.0,0.0
2020-03-06,S92000003,Scotland,6,21,,,,,,,0,0,0.0,12,,21.0,,,:,12.0,0.0
2020-03-07,S92000003,Scotland,6,27,,,,,,,0,0,0.0,17,,10.0,,,:,17.0,0.0
2020-03-08,S92000003,Scotland,3,30,,,,,,,0,0,0.0,17,,11.0,,,:,17.0,0.0
2020-03-09,S92000003,Scotland,16,46,,,,,,,0,0,0.0,39,,18.0,,,:,39.0,0.0
2020-03-10,S92000003,Scotland,21,67,,,,,,,0,0,0.0,47,,30.0,,,:,47.0,0.0
2020-03-11,S92000003,Scotland,25,92,,,,,,,0,0,0.0,58,,29.0,,1.0,,58.0,0.0
2020-03-12,S92000003,Scotland,38,130,,,,,,,1,1,0.0182949140139041,80,,25.0,,0.0,,80.0,0.0
2020-03-13,S92000003,Scotland,48,178,,,,,,,0,1,0.0182949140139041,80,,25.0,,0.0,,80.0,0.0
2020-03-14,S92000003,Scotland,19,197,,,,,,,2,3,0.0548847420417124,20,,22.0,,1.0,,20.0,0.0
2020-03-15,S92000003,Scotland,12,209,,,,,,,0,3,0.0548847420417124,28,,16.0,,1.0,,28.0,0.0
2020-03-16,S92000003,Scotland,21,230,,,,,,,1,4,0.0731796560556165,35,,33.0,,3.0,,35.0,0.0
2020-03-17,S92000003,Scotland,43,273,,,,,,,2,6,0.1097694840834248,62,,44.0,,1.0,,62.0,0.0
2020-03-18,S92000003,Scotland,41,314,,,,,,,0,6,0.1097694840834248,56,,43.0,,3.0,,56.0,0.0
2020-03-19,S92000003,Scotland,50,364,,,,,,,3,9,0.1646542261251372,61,,42.0,,4.0,,61.0,0.0
2020-03-20,S92000003,Scotland,84,448,,,,,,,5,14,0.2561287961946579,97,,73.0,,8.0,,97.0,0.0
2020-03-21,S92000003,Scotland,67,515,,,,,,,6,20,0.3658982802780827,81,,63.0,,6.0,,81.0,0.0
2020-03-22,S92000003,Scotland,74,589,,,,,,,5,25,0.4573728503476034,90,,52.0,,8.0,,90.0,0.0
2020-03-23,S92000003,Scotland,138,727,,,,,,,4,29,0.5305525064032199,164,,96.0,,12.0,,164.0,0.0
2020-03-24,S92000003,Scotland,167,894,,,,,,,7,36,0.6586169045005489,206,,96.0,,10.0,,206.0,0.0
2020-03-25,S92000003,Scotland,188,1082,,,,,,,11,47,0.8598609586534943,251,,125.0,,13.0,,251.0,0.0
2020-03-26,S92000003,Scotland,223,1305,,,,,,,12,59,1.079399926820344,269,,155.0,,15.0,,269.0,0.0
2020-03-27,S92000003,Scotland,274,1579,,,,,,,11,70,1.2806439809732897,322,,150.0,,16.0,,322.0,0.0
2020-03-28,S92000003,Scotland,204,1783,,,,,,,29,99,1.8111964873765092,259,,156.0,,17.0,,259.0,0.0
2020-03-29,S92000003,Scotland,197,1980,,,,,,,20,119,2.177094767654592,262,,136.0,,28.0,,262.0,0.0
2020-03-30,S92000003,Scotland,317,2297,,,,,,,30,149,2.725942188071716,383,,192.0,,22.0,,383.0,0.0
2020-03-31,S92000003,Scotland,341,2638,,,,,,,38,187,3.421148920600073,399,,184.0,,18.0,,399.0,0.0
2020-04-01,S92000003,Scotland,389,3027,,,,,,,46,233,4.262714965239663,455,,214.0,,24.0,,455.0,0.0
2020-04-02,S92000003,Scotland,351,3378,,,,,,,36,269,4.921331869740213,416,,171.0,,18.0,,416.0,0.0
2020-04-03,S92000003,Scotland,381,3759,,,,,,,58,327,5.9824368825466525,467,,213.0,,27.0,,467.0,0.0
2020-04-04,S92000003,Scotland,261,4020,,,,,,,28,355,6.494694474935968,328,,154.0,,21.0,,327.0,1.0
2020-04-05,S92000003,Scotland,225,4245,,,,,,,47,402,7.3545554335894625,294,,161.0,,25.0,,294.0,0.0
2020-04-06,S92000003,Scotland,404,4649,,,,,,,63,465,8.507135016465423,522,,203.0,,15.0,,522.0,0.0
2020-04-07,S92000003,Scotland,352,5001,,,,,,,49,514,9.403585803146726,449,,171.0,,16.0,,449.0,0.0
2020-04-08,S92000003,Scotland,343,5344,,,,,,,54,568,10.391511159897547,417,,158.0,,13.0,,417.0,0.0
2020-04-09,S92000003,Scotland,304,5648,,,,,,,66,634,11.59897548481522,389,,130.0,,12.0,,389.0,0.0
2020-04-10,S92000003,Scotland,329,5977,,,,,,,58,692,12.660080497621662,403,,119.0,,8.0,,403.0,0.0
2020-04-11,S92000003,Scotland,185,6162,,,,,,,50,742,13.574826198316869,261,,80.0,,9.0,,261.0,0.0
2020-04-12,S92000003,Scotland,220,6382,,,,,,,48,790,14.452982070984266,294,,85.0,,8.0,,294.0,0.0
2020-04-13,S92000003,Scotland,359,6741,,,,,,,41,831,15.203073545554336,429,,104.0,,8.0,,429.0,0.0
2020-04-14,S92000003,Scotland,346,7087,,,,,,,51,882,16.136114160263446,438,,102.0,,6.0,,438.0,0.0
2020-04-15,S92000003,Scotland,331,7418,,,,,,,42,924,16.90450054884742,399,,98.0,,6.0,,399.0,0.0
2020-04-16,S92000003,Scotland,428,7846,,,,,,,43,967,17.6911818514453,513,,99.0,,9.0,,512.0,1.0
2020-04-17,S92000003,Scotland,394,8240,,,,,,,38,1005,18.386388583973652,462,,110.0,,5.0,,462.0,0.0
2020-04-18,S92000003,Scotland,264,8504,,,,,,,52,1057,19.33772411269667,323,,74.0,,7.0,,323.0,0.0
2020-04-19,S92000003,Scotland,159,8663,,,,,,,46,1103,20.17929015733626,220,,59.0,,8.0,,220.0,0.0
2020-04-20,S92000003,Scotland,348,9011,,,,,,,61,1164,21.29527991218441,442,,65.0,,5.0,,442.0,0.0
2020-04-21,S92000003,Scotland,400,9411,,,,,,,51,1215,22.22832052689353,476,,70.0,,5.0,,476.0,0.0
2020-04-22,S92000003,Scotland,340,9751,,,,,,,46,1261,23.069886571533115,419,,66.0,,5.0,,419.0,0.0
2020-04-23,S92000003,Scotland,314,10065,,,,,,,49,1310,23.96633735821441,396,,68.0,,7.0,,396.0,0.0
2020-04-24,S92000003,Scotland,306,10371,,,,,,,38,1348,24.661544090742776,363,,91.0,,7.0,,363.0,0.0
2020-04-25,S92000003,Scotland,184,10555,,,,,,,48,1396,25.53969996341017,222,,42.0,,1.0,,222.0,0.0
2020-04-26,S92000003,Scotland,171,10726,,,,,,,43,1439,26.326381266008053,212,,39.0,,1.0,,204.0,8.0
2020-04-27,S92000003,Scotland,434,11160,,,,,,,60,1499,27.4240761068423,536,,77.0,,1.0,,435.0,101.0
2020-04-28,S92000003,Scotland,383,11543,,,,,,,40,1539,28.155872667398462,463,,73.0,,1.0,,387.0,76.0
2020-04-29,S92000003,Scotland,431,11974,,,,,,,38,1577,28.85107939992682,498,,49.0,,7.0,,380.0,118.0
2020-04-30,S92000003,Scotland,337,12311,,,,,,,43,1620,29.637760702524695,435,,57.0,,4.0,,369.0,66.0
2020-05-01,S92000003,Scotland,375,12686,,,,,,,48,1668,30.515916575192097,460,,56.0,,6.0,,347.0,113.0
2020-05-02,S92000003,Scotland,222,12908,,,,,,,44,1712,31.32089279180388,278,,47.0,,3.0,,198.0,80.0
2020-05-03,S92000003,Scotland,188,13096,,,,,,,37,1749,31.997804610318333,244,,40.0,,2.0,,156.0,88.0
2020-05-04,S92000003,Scotland,329,13425,,,,,,,40,1789,32.729601170874496,433,,52.0,,3.0,,370.0,63.0
2020-05-05,S92000003,Scotland,288,13713,,,,,,,50,1839,33.6443468715697,382,,40.0,,2.0,,301.0,81.0
2020-05-06,S92000003,Scotland,307,14020,,,,,,,43,1882,34.43102817416758,422,,46.0,,2.0,,329.0,93.0
2020-05-07,S92000003,Scotland,297,14317,,,,,,,40,1922,35.16282473472375,394,,37.0,,0.0,,313.0,81.0
2020-05-08,S92000003,Scotland,258,14575,,,,,,,34,1956,35.78485181119649,344,,33.0,,4.0,,261.0,83.0
2020-05-09,S92000003,Scotland,180,14755,,,,,,,34,1990,36.40687888766923,246,,21.0,,1.0,,167.0,79.0
2020-05-10,S92000003,Scotland,153,14908,,,,,,,28,2018,36.91913648005855,212,,28.0,,1.0,,156.0,56.0
2020-05-11,S92000003,Scotland,265,15173,,,,,,,32,2050,37.50457372850347,364,,33.0,,2.0,,278.0,86.0
2020-05-12,S92000003,Scotland,230,15403,,,,,,,31,2081,38.071716062934506,326,,38.0,,0.0,,257.0,69.0
2020-05-13,S92000003,Scotland,198,15601,,,,,,,42,2123,38.84010245151848,268,,28.0,,0.0,,196.0,72.0
2020-05-14,S92000003,Scotland,211,15812,,,,,,,35,2158,39.48042444200512,293,,29.0,,1.0,,218.0,75.0
2020-05-15,S92000003,Scotland,151,15963,,,,,,,26,2184,39.95609220636663,238,,34.0,,2.0,,172.0,66.0
2020-05-16,S92000003,Scotland,103,16066,,,,,,,29,2213,40.48664471276985,149,,19.0,,0.0,,97.0,52.0
2020-05-17,S92000003,Scotland,93,16159,,,,,,,26,2239,40.96231247713136,130,,10.0,,1.0,,83.0,47.0
2020-05-18,S92000003,Scotland,141,16300,,,,,,,23,2262,41.38309549945115,229,,28.0,,1.0,,180.0,49.0
2020-05-19,S92000003,Scotland,182,16482,,,,,,,28,2290,41.89535309184047,253,,15.0,,2.0,,191.0,62.0
2020-05-20,S92000003,Scotland,121,16603,,,,,,,22,2312,42.29784120014636,187,,19.0,,0.0,,138.0,49.0
2020-05-21,S92000003,Scotland,111,16714,,,,,,,24,2336,42.73691913648005,171,,15.0,,0.0,,123.0,48.0
2020-05-22,S92000003,Scotland,91,16805,,,,,,,17,2353,43.04793267471644,156,,17.0,,1.0,,104.0,52.0
2020-05-23,S92000003,Scotland,50,16855,,,,,,,11,2364,43.24917672886937,104,,14.0,,0.0,,70.0,34.0
2020-05-24,S92000003,Scotland,53,16908,,,,,,,8,2372,43.39553604098061,96,,8.0,,1.0,,57.0,39.0
2020-05-25,S92000003,Scotland,96,17004,,,,,,,14,2386,43.65166483717526,155,,16.0,,1.0,,105.0,50.0
2020-05-26,S92000003,Scotland,478,17482,,,,,,,14,2400,43.90779363336992,553,,15.0,,0.0,,84.0,469.0
2020-05-27,S92000003,Scotland,66,17548,,,,,,,16,2416,44.20051225759239,109,,12.0,,0.0,,84.0,25.0
2020-05-28,S92000003,Scotland,55,17603,,,,,,,16,2432,44.49323088181485,105,,6.0,,0.0,,69.0,36.0
2020-05-29,S92000003,Scotland,30,17633,,,,,,,11,2443,44.6944749359678,61,,11.0,,0.0,,38.0,23.0
2020-05-30,S92000003,Scotland,40,17673,,,,,,,6,2449,44.804244420051226,79,,4.0,,0.0,,49.0,30.0
2020-05-31,S92000003,Scotland,23,17696,,,,,,,6,2455,44.914013904134656,54,,11.0,,0.0,,37.0,17.0
2020-06-01,S92000003,Scotland,38,17734,,,,,,,3,2458,44.96889864617636,88,,6.0,,1.0,,65.0,23.0
2020-06-02,S92000003,Scotland,46,17780,,,,,,,6,2464,45.07866813025979,88,,5.0,,1.0,,70.0,18.0
2020-06-03,S92000003,Scotland,34,17814,,,,,,,8,2472,45.22502744237102,70,,9.0,,1.0,,45.0,25.0
2020-06-04,S92000003,Scotland,35,17849,,,,,,,1,2473,45.24332235638492,75,,9.0,,0.0,,69.0,6.0
2020-06-05,S92000003,Scotland,24,17873,,,,,,,9,2482,45.40797658251006,50,,10.0,,0.0,,41.0,9.0
2020-06-06,S92000003,Scotland,22,17895,,,,,,,3,2485,45.462861324551774,39,,7.0,,0.0,,27.0,12.0
2020-06-07,S92000003,Scotland,17,17912,,,,,,,7,2492,45.590925722649104,28,,7.0,,1.0,,14.0,14.0
2020-06-08,S92000003,Scotland,18,17930,,,,,,,6,2498,45.70069520673253,64,,4.0,,0.0,,51.0,13.0
2020-06-09,S92000003,Scotland,27,17957,,,,,,,1,2499,45.71899012074643,69,,10.0,,0.0,,55.0,14.0
2020-06-10,S92000003,Scotland,29,17986,,,,,,,5,2504,45.81046469081596,59,,8.0,,1.0,,49.0,10.0
2020-06-11,S92000003,Scotland,21,18007,,,,,,,2,2506,45.84705451884376,48,,7.0,,0.0,,42.0,6.0
2020-06-12,S92000003,Scotland,30,18037,,,,,,,2,2508,45.88364434687157,46,,4.0,,0.0,,36.0,10.0
2020-06-13,S92000003,Scotland,22,18059,,,,,,,3,2511,45.93852908891328,34,,7.0,,0.0,,26.0,8.0
2020-06-14,S92000003,Scotland,13,18072,,,,,,,4,2515,46.0117087449689,24,,8.0,,0.0,,15.0,9.0
2020-06-15,S92000003,Scotland,21,18093,,,,,,,3,2518,46.06659348701061,45,,12.0,,0.0,,37.0,8.0
2020-06-16,S92000003,Scotland,17,18110,,,,,,,6,2524,46.17636297109404,30,,6.0,,1.0,,23.0,7.0
2020-06-17,S92000003,Scotland,33,18143,,,,,,,3,2527,46.231247713135744,49,,7.0,,1.0,,38.0,11.0
2020-06-18,S92000003,Scotland,14,18157,,,,,,,3,2530,46.286132455177466,35,,6.0,,0.0,,24.0,11.0
2020-06-19,S92000003,Scotland,24,18181,,,,,,,0,2530,46.286132455177466,39,,5.0,,0.0,,28.0,11.0
2020-06-20,S92000003,Scotland,6,18187,,,,,,,3,2533,46.34101719721917,10,,2.0,,0.0,,5.0,5.0
2020-06-21,S92000003,Scotland,9,18196,,,,,,,2,2535,46.37760702524698,16,,2.0,,0.0,,12.0,4.0
2020-06-22,S92000003,Scotland,10,18206,,,,,,,3,2538,46.432491767288695,31,,9.0,,0.0,,28.0,3.0
2020-06-23,S92000003,Scotland,20,18226,,,,,,,1,2539,46.4507866813026,30,,6.0,,0.0,,16.0,14.0
2020-06-24,S92000003,Scotland,8,18234,,,,,,,1,2540,46.4690815953165,17,,6.0,,0.0,,9.0,8.0
2020-06-25,S92000003,Scotland,19,18253,,,,,,,0,2540,46.4690815953165,34,,3.0,,0.0,,23.0,11.0
2020-06-26,S92000003,Scotland,6,18259,,,,,,,0,2540,46.4690815953165,18,,1.0,,0.0,,10.0,8.0
2020-06-27,S92000003,Scotland,4,18263,,,,,,,4,2544,46.54226125137212,10,,4.0,,0.0,,7.0,3.0
2020-06-28,S92000003,Scotland,3,18266,,,,,,,1,2545,46.56055616538602,6,,5.0,,0.0,,4.0,2.0
2020-06-29,S92000003,Scotland,14,18280,,,,,,,1,2546,46.57885107939993,22,,4.0,,0.0,,14.0,8.0
2020-06-30,S92000003,Scotland,8,18288,,,,,,,0,2546,46.57885107939993,19,,3.0,,0.0,,10.0,9.0
2020-07-01,S92000003,Scotland,11,18299,,,,,,,0,2546,46.57885107939993,16,,2.0,,0.0,,8.0,8.0
2020-07-02,S92000003,Scotland,13,18312,,,,,,,0,2546,46.57885107939993,17,,2.0,,0.0,,5.0,12.0
2020-07-03,S92000003,Scotland,6,18318,,,,,,,1,2547,46.59714599341383,10,,2.0,,0.0,,4.0,6.0
2020-07-04,S92000003,Scotland,5,18323,,,,,,,0,2547,46.59714599341383,8,,3.0,,0.0,,6.0,2.0
2020-07-05,S92000003,Scotland,2,18325,,,,,,,1,2548,46.61544090742774,6,,3.0,,0.0,,6.0,0.0
2020-07-06,S92000003,Scotland,8,18333,,,,,,,0,2548,46.61544090742774,18,,4.0,,0.0,,13.0,5.0
2020-07-07,S92000003,Scotland,11,18344,,,,,,,0,2548,46.61544090742774,12,,2.0,,0.0,,1.0,11.0
2020-07-08,S92000003,Scotland,10,18354,,,,,,,0,2548,46.61544090742774,13,,3.0,,1.0,,1.0,12.0
2020-07-09,S92000003,Scotland,8,18362,,,,,,,0,2548,46.61544090742774,11,,1.0,,1.0,,2.0,9.0
2020-07-10,S92000003,Scotland,12,18374,,,,,,,0,2548,46.61544090742774,13,,3.0,,0.0,,1.0,12.0
2020-07-11,S92000003,Scotland,9,18383,,,,,,,0,2548,46.61544090742774,12,,4.0,,0.0,,8.0,4.0
2020-07-12,S92000003,Scotland,2,18385,,,,,,,0,2548,46.61544090742774,5,,1.0,,0.0,,3.0,2.0
2020-07-13,S92000003,Scotland,18,18403,,,,,,,0,2548,46.61544090742774,24,,1.0,,0.0,,8.0,16.0
2020-07-14,S92000003,Scotland,10,18413,,,,,,,0,2548,46.61544090742774,13,,3.0,,0.0,,3.0,10.0
2020-07-15,S92000003,Scotland,16,18429,,,,,,,0,2548,46.61544090742774,20,,1.0,,0.0,,3.0,17.0
2020-07-16,S92000003,Scotland,21,18450,,,,,,,0,2548,46.61544090742774,23,,4.0,,0.0,,1.0,22.0
2020-07-17,S92000003,Scotland,8,18458,,,,,,,0,2548,46.61544090742774,10,,2.0,,0.0,,4.0,6.0
2020-07-18,S92000003,Scotland,13,18471,,,,,,,0,2548,46.61544090742774,16,,1.0,,0.0,,5.0,11.0
2020-07-19,S92000003,Scotland,17,18488,,,,,,,0,2548,46.61544090742774,17,,2.0,,0.0,,3.0,14.0
2020-07-20,S92000003,Scotland,13,18501,,,,,,,0,2548,46.61544090742774,17,,2.0,,0.0,,2.0,15.0
2020-07-21,S92000003,Scotland,19,18520,,,,,,,0,2548,46.61544090742774,22,,2.0,,0.0,,2.0,20.0
2020-07-22,S92000003,Scotland,16,18536,,,,,,,0,2548,46.61544090742774,25,,2.0,,0.0,,7.0,18.0
2020-07-23,S92000003,Scotland,23,18559,,,,,,,0,2548,46.61544090742774,26,,6.0,,0.0,,3.0,23.0
2020-07-24,S92000003,Scotland,11,18570,,,,,,,0,2548,46.61544090742774,15,,1.0,,0.0,,2.0,13.0
2020-07-25,S92000003,Scotland,3,18573,,,,,,,1,2549,46.63373582144164,5,,5.0,,1.0,,1.0,4.0
2020-07-26,S92000003,Scotland,7,18580,,,,,,,0,2549,46.63373582144164,8,,1.0,,0.0,,1.0,7.0
2020-07-27,S92000003,Scotland,13,18593,,,,,,,0,2549,46.63373582144164,16,,6.0,,0.0,,2.0,14.0
2020-07-28,S92000003,Scotland,22,18615,,,,,,,0,2549,46.63373582144164,26,,0.0,,0.0,,3.0,23.0
2020-07-29,S92000003,Scotland,28,18643,,,,,,,0,2549,46.63373582144164,38,,3.0,,0.0,,4.0,34.0
2020-07-30,S92000003,Scotland,27,18670,,,,,,,0,2549,46.63373582144164,32,,4.0,,0.0,,3.0,29.0
2020-07-31,S92000003,Scotland,21,18691,,,,,,,0,2549,46.63373582144164,23,,5.0,,0.0,,2.0,21.0
2020-08-01,S92000003,Scotland,22,18713,,,,,,,0,2549,46.63373582144164,26,,2.0,,0.0,,4.0,22.0
2020-08-02,S92000003,Scotland,19,18732,,,,,,,0,2549,46.63373582144164,0,,2.0,,0.0,,,
2020-08-03,S92000003,Scotland,60,18792,,,,,,,0,2549,46.63373582144164,70,,4.0,,0.0,,8.0,62.0
2020-08-04,S92000003,Scotland,57,18849,,,,,,,0,2549,46.63373582144164,63,,6.0,,0.0,,6.0,57.0
2020-08-05,S92000003,Scotland,64,18913,,,,,,,0,2549,46.63373582144164,73,,7.0,,0.0,,8.0,65.0
2020-08-06,S92000003,Scotland,62,18975,,,,,,,0,2549,46.63373582144164,73,,2.0,,0.0,,7.0,66.0
2020-08-07,S92000003,Scotland,46,19021,,,,,,,0,2549,46.63373582144164,50,,4.0,,0.0,,3.0,47.0
2020-08-08,S92000003,Scotland,27,19048,,,,,,,0,2549,46.63373582144164,28,,3.0,,0.0,,4.0,24.0
2020-08-09,S92000003,Scotland,26,19074,,,,,,,0,2549,46.63373582144164,36,,2.0,,0.0,,3.0,33.0
2020-08-10,S92000003,Scotland,57,19131,,,,,,,0,2549,46.63373582144164,64,,8.0,,0.0,,9.0,55.0
2020-08-11,S92000003,Scotland,64,19195,,,,,,,0,2549,46.63373582144164,77,,3.0,,0.0,,6.0,71.0
2020-08-12,S92000003,Scotland,48,19243,,,,,,,0,2549,46.63373582144164,57,,4.0,,0.0,,3.0,54.0
2020-08-13,S92000003,Scotland,52,19295,,,,,,,0,2549,46.63373582144164,72,,3.0,,0.0,,9.0,63.0
2020-08-14,S92000003,Scotland,50,19345,,,,,,,0,2549,46.63373582144164,62,,8.0,,0.0,,7.0,55.0
2020-08-15,S92000003,Scotland,20,19365,,,,,,,0,2549,46.63373582144164,30,,6.0,,1.0,,4.0,26.0
2020-08-16,S92000003,Scotland,30,19395,,,,,,,0,2549,46.63373582144164,37,,3.0,,0.0,,3.0,34.0
2020-08-17,S92000003,Scotland,72,19467,,,,,,,0,2549,46.63373582144164,85,,9.0,,0.0,,7.0,78.0
2020-08-18,S92000003,Scotland,77,19544,,,,,,,0,2549,46.63373582144164,87,,8.0,,0.0,,6.0,81.0
2020-08-19,S92000003,Scotland,91,19635,,,,,,,1,2550,46.65203073545554,99,,10.0,,0.0,,5.0,94.0
2020-08-20,S92000003,Scotland,140,19775,,,,,,,0,2550,46.65203073545554,153,,8.0,,0.0,,10.0,143.0
2020-08-21,S92000003,Scotland,90,19865,,,,,,,0,2550,46.65203073545554,106,,4.0,,0.0,,13.0,93.0
2020-08-22,S92000003,Scotland,47,19912,,,,,,,1,2551,46.67032564946945,59,,6.0,,0.0,,8.0,51.0
2020-08-23,S92000003,Scotland,65,19977,,,,,,,1,2552,46.68862056348335,81,,2.0,,0.0,,5.0,76.0
2020-08-24,S92000003,Scotland,60,20037,,,,,,,0,2552,46.68862056348335,72,,12.0,,1.0,,10.0,62.0
2020-08-25,S92000003,Scotland,69,20106,,,,,,,0,2552,46.68862056348335,87,,11.0,,0.0,,13.0,74.0
2020-08-26,S92000003,Scotland,97,20203,,,,,,,0,2552,46.68862056348335,113,,13.0,,0.0,,8.0,105.0
2020-08-27,S92000003,Scotland,99,20302,,,,,,,0,2552,46.68862056348335,109,,11.0,,1.0,,9.0,100.0
2020-08-28,S92000003,Scotland,104,20406,,,,,,,1,2553,46.706915477497255,116,,5.0,,1.0,,20.0,96.0
2020-08-29,S92000003,Scotland,95,20501,,,,,,,0,2553,46.706915477497255,110,,5.0,,0.0,,7.0,103.0
2020-08-30,S92000003,Scotland,102,20603,,,,,,,0,2553,46.706915477497255,113,,3.0,,0.0,,10.0,103.0
2020-08-31,S92000003,Scotland,144,20747,,,,,,,0,2553,46.706915477497255,155,,5.0,,1.0,,15.0,140.0
2020-09-01,S92000003,Scotland,199,20946,,,,,,,0,2553,46.706915477497255,214,,4.0,,0.0,,34.0,180.0
2020-09-02,S92000003,Scotland,191,21137,,,,,,,1,2554,46.72521039151116,203,,9.0,,0.0,,12.0,191.0
2020-09-03,S92000003,Scotland,201,21338,,,,,,,1,2555,46.74350530552507,220,,5.0,,0.0,,13.0,207.0
2020-09-04,S92000003,Scotland,171,21509,,,,,,,1,2556,46.76180021953897,195,,17.0,,0.0,,22.0,173.0
2020-09-05,S92000003,Scotland,136,21645,,,,,,,0,2556,46.76180021953897,148,,9.0,,0.0,,8.0,140.0
2020-09-06,S92000003,Scotland,153,21798,,,,,,,0,2556,46.76180021953897,165,,8.0,,1.0,,10.0,155.0
2020-09-07,S92000003,Scotland,167,21965,,,,,,,0,2556,46.76180021953897,198,,17.0,,0.0,,35.0,163.0
2020-09-08,S92000003,Scotland,102,22067,,,,,,,0,2556,46.76180021953897,115,,17.0,,0.0,,21.0,94.0
2020-09-09,S92000003,Scotland,222,22289,,,,,,,0,2556,46.76180021953897,243,,9.0,,1.0,,18.0,225.0
2020-09-10,S92000003,Scotland,216,22505,,,,,,,0,2556,46.76180021953897,262,,22.0,,1.0,,31.0,231.0
2020-09-11,S92000003,Scotland,209,22714,,,,,,,0,2556,46.76180021953897,243,,20.0,,1.0,,25.0,218.0
2020-09-12,S92000003,Scotland,207,22921,,,,,,,0,2556,46.76180021953897,236,,17.0,,1.0,,23.0,213.0
2020-09-13,S92000003,Scotland,166,23087,,,,,,,1,2557,46.78009513355288,191,,12.0,,0.0,,11.0,180.0
2020-09-14,S92000003,Scotland,177,23264,,,,,,,3,2560,46.83497987559458,199,,21.0,,0.0,,38.0,161.0
2020-09-15,S92000003,Scotland,227,23491,,,,,,,0,2560,46.83497987559458,258,,21.0,,0.0,,33.0,225.0
2020-09-16,S92000003,Scotland,268,23759,,,,,,,0,2560,46.83497987559458,305,,35.0,,1.0,,45.0,260.0
2020-09-17,S92000003,Scotland,254,24013,,,,,,,1,2561,46.85327478960848,296,,21.0,,1.0,,36.0,260.0
2020-09-18,S92000003,Scotland,269,24282,,,,,,,2,2563,46.8898646176363,301,,14.0,,3.0,,30.0,271.0
2020-09-19,S92000003,Scotland,232,24514,,,,,,,0,2563,46.8898646176363,258,,19.0,,0.0,,29.0,229.0
2020-09-20,S92000003,Scotland,315,24829,,,,,,,3,2566,46.94474935967801,343,,19.0,,2.0,,31.0,312.0
2020-09-21,S92000003,Scotland,454,25283,,,,,,,2,2568,46.98133918770581,483,,28.0,,0.0,,76.0,407.0
2020-09-22,S92000003,Scotland,493,25776,,,,,,,2,2570,47.01792901573362,529,,33.0,,1.0,,84.0,445.0
2020-09-23,S92000003,Scotland,567,26343,,,,,,,2,2572,47.05451884376144,595,,29.0,,3.0,,72.0,523.0
2020-09-24,S92000003,Scotland,715,27058,,,,,,,2,2574,47.09110867178924,741,,35.0,,1.0,,55.0,686.0
2020-09-25,S92000003,Scotland,578,27636,,,,,,,1,2575,47.10940358580315,620,,36.0,,1.0,,59.0,561.0
2020-09-26,S92000003,Scotland,434,28070,,,,,,,2,2577,47.14599341383095,474,,34.0,,3.0,,50.0,424.0
2020-09-27,S92000003,Scotland,358,28428,,,,,,,2,2579,47.18258324185876,402,,35.0,,2.0,,54.0,348.0
2020-09-28,S92000003,Scotland,623,29051,,,,,,,3,2582,47.23746798390048,677,,46.0,,3.0,,99.0,578.0
2020-09-29,S92000003,Scotland,659,29710,,,,,,,1,2583,47.25576289791438,706,,33.0,,2.0,,82.0,624.0
2020-09-30,S92000003,Scotland,794,30504,,,,,,,4,2587,47.32894255397,846,,47.0,,4.0,,94.0,752.0
2020-10-01,S92000003,Scotland,778,31282,,,,,,,5,2592,47.42041712403952,839,,64.0,,2.0,,130.0,709.0
2020-10-02,S92000003,Scotland,817,32099,,,,,,,1,2593,47.43871203805342,889,,56.0,,7.0,,113.0,776.0
2020-10-03,S92000003,Scotland,695,32794,,,,,,,3,2596,47.49359678009513,771,,47.0,,3.0,,85.0,686.0
2020-10-04,S92000003,Scotland,742,33536,,,,,,,3,2599,47.548481522136846,789,,47.0,,1.0,,83.0,706.0
2020-10-05,S92000003,Scotland,1099,34635,,,,,,,2,2601,47.585071350164654,1183,,74.0,,3.0,,168.0,1015.0
2020-10-06,S92000003,Scotland,1190,35825,,,,,,,4,2605,47.65825100622028,1270,,95.0,,0.0,,229.0,1041.0
2020-10-07,S92000003,Scotland,1253,37078,,,,,,,9,2614,47.82290523234541,1334,,90.0,,5.0,,191.0,1143.0
2020-10-08,S92000003,Scotland,1169,38247,,,,,,,11,2625,48.02414928649836,1257,,98.0,,3.0,,173.0,1084.0
2020-10-09,S92000003,Scotland,1093,39340,,,,,,,6,2631,48.13391877058178,1188,,84.0,,5.0,,213.0,975.0
2020-10-10,S92000003,Scotland,941,40281,,,,,,,11,2642,48.33516282473472,1046,,75.0,,5.0,,153.0,893.0
2020-10-11,S92000003,Scotland,959,41240,,,,,,,11,2653,48.53640687888767,1056,,80.0,,4.0,,162.0,894.0
2020-10-12,S92000003,Scotland,1354,42594,,,,,,,8,2661,48.6827661909989,1511,,107.0,,9.0,,201.0,1310.0
2020-10-13,S92000003,Scotland,1421,44015,,,,,,,12,2673,48.90230515916575,1562,,126.0,,9.0,,256.0,1306.0
2020-10-14,S92000003,Scotland,1292,45307,,,,,,,6,2679,49.01207464324918,1424,,124.0,,5.0,,227.0,1197.0
2020-10-15,S92000003,Scotland,1292,46599,,,,,,,16,2695,49.304793267471645,1441,,108.0,,11.0,,246.0,1195.0
2020-10-16,S92000003,Scotland,1252,47851,,,,,,,20,2715,49.670691547749726,1390,,140.0,,8.0,,238.0,1152.0
2020-10-17,S92000003,Scotland,855,48706,,,,,,,10,2725,49.85364068788876,972,,88.0,,3.0,,160.0,812.0
2020-10-18,S92000003,Scotland,833,49539,,,,,,,22,2747,50.25612879619466,929,,89.0,,7.0,,172.0,757.0
2020-10-19,S92000003,Scotland,1359,50898,,,,,,,16,2763,50.548847420417125,1542,,140.0,,12.0,,294.0,1248.0
2020-10-20,S92000003,Scotland,1690,52588,,,,,,,19,2782,50.89645078668131,1859,,139.0,,3.0,,319.0,1540.0
2020-10-21,S92000003,Scotland,1579,54167,,,,,,,11,2793,51.09769484083424,1734,,132.0,,8.0,,305.0,1429.0
2020-10-22,S92000003,Scotland,1491,55658,,,,,,,17,2810,51.40870837907061,1663,,138.0,,9.0,,345.0,1318.0
2020-10-23,S92000003,Scotland,1280,56938,,,,,,,18,2828,51.7380168313209,1422,,131.0,,7.0,,262.0,1160.0
2020-10-24,S92000003,Scotland,953,57891,,,,,,,20,2848,52.10391511159898,1109,,120.0,,9.0,,203.0,906.0
2020-10-25,S92000003,Scotland,939,58830,,,,,,,23,2871,52.52469813391877,1069,,116.0,,10.0,,237.0,832.0
2020-10-26,S92000003,Scotland,1345,60175,,,,,,,31,2902,53.0918404683498,1524,,139.0,,9.0,,312.0,1212.0
2020-10-27,S92000003,Scotland,1305,61480,,,,,,,16,2918,53.38455909257227,1485,,138.0,,8.0,,393.0,1092.0
2020-10-28,S92000003,Scotland,1266,62746,,,,,,,29,2947,53.915111598975486,1461,,131.0,,2.0,,347.0,1114.0
2020-10-29,S92000003,Scotland,1098,63844,,,,,,,29,2976,54.445664105378704,1273,,104.0,,7.0,,276.0,997.0
2020-10-30,S92000003,Scotland,1088,64932,,,,,,,35,3011,55.085986095865344,1255,,133.0,,10.0,,276.0,979.0
2020-10-31,S92000003,Scotland,742,65674,,,,,,,24,3035,55.52506403219905,858,,105.0,,5.0,,224.0,634.0
2020-11-01,S92000003,Scotland,969,66643,,,,,,,35,3070,56.165386022685695,1126,,105.0,,11.0,,249.0,877.0
2020-11-02,S92000003,Scotland,1474,68117,,,,,,,30,3100,56.71423344310282,1676,,116.0,,8.0,,362.0,1314.0
2020-11-03,S92000003,Scotland,1392,69509,,,,,,,35,3135,57.35455543358946,1618,,120.0,,13.0,,419.0,1199.0
2020-11-04,S92000003,Scotland,1301,70810,,,,,,,19,3154,57.70215879985364,1496,,126.0,,5.0,,311.0,1185.0
2020-11-05,S92000003,Scotland,1295,72105,,,,,,,41,3195,58.4522502744237,1528,,102.0,,6.0,,366.0,1162.0
2020-11-06,S92000003,Scotland,1134,73239,,,,,,,27,3222,58.94621295279912,1343,,99.0,,7.0,,294.0,1049.0
2020-11-07,S92000003,Scotland,842,74081,,,,,,,37,3259,59.62312477131357,985,,88.0,,5.0,,193.0,792.0
2020-11-08,S92000003,Scotland,873,74954,,,,,,,36,3295,60.28174167581412,1002,,82.0,,7.0,,233.0,769.0
2020-11-09,S92000003,Scotland,1296,76250,,,,,,,42,3337,61.050128064398095,1497,,103.0,,4.0,,409.0,1088.0
2020-11-10,S92000003,Scotland,1287,77537,,,,,,,36,3373,61.70874496889864,1454,,108.0,,5.0,,329.0,1125.0
2020-11-11,S92000003,Scotland,1247,78784,,,,,,,37,3410,62.3856567874131,1442,,116.0,,9.0,,339.0,1103.0
2020-11-12,S92000003,Scotland,1195,79979,,,,,,,32,3442,62.97109403585803,1362,,113.0,,8.0,,304.0,1058.0
2020-11-13,S92000003,Scotland,1054,81033,,,,,,,38,3480,63.66630076838639,1257,,109.0,,6.0,,273.0,984.0
2020-11-14,S92000003,Scotland,903,81936,,,,,,,41,3521,64.41639224295646,1086,,101.0,,11.0,,253.0,833.0
2020-11-15,S92000003,Scotland,817,82753,,,,,,,34,3555,65.0384193194292,968,,95.0,,8.0,,219.0,749.0
2020-11-16,S92000003,Scotland,1277,84030,,,,,,,33,3588,65.64215148188804,1480,,96.0,,6.0,,379.0,1101.0
2020-11-17,S92000003,Scotland,1225,85255,,,,,,,36,3624,66.30076838638858,1434,,112.0,,4.0,,430.0,1004.0
2020-11-18,S92000003,Scotland,1113,86368,,,,,,,24,3648,66.73984632272227,1281,,99.0,,8.0,,305.0,976.0
2020-11-19,S92000003,Scotland,984,87352,,,,,,,25,3673,67.19721917306988,1184,,97.0,,5.0,,320.0,864.0
2020-11-20,S92000003,Scotland,860,88212,,,,,,,29,3702,67.72777167947311,1060,,111.0,,10.0,,292.0,768.0
2020-11-21,S92000003,Scotland,764,88976,,,,,,,33,3735,68.33150384193195,904,,88.0,,4.0,,249.0,655.0
2020-11-22,S92000003,Scotland,709,89685,,,,,,,36,3771,68.9901207464325,871,,68.0,,2.0,,204.0,667.0
2020-11-23,S92000003,Scotland,1156,90841,,,,,,,31,3802,69.55726308086352,1386,,107.0,,8.0,,346.0,1040.0
2020-11-24,S92000003,Scotland,994,91835,,,,,,,30,3832,70.10611050128064,1184,,106.0,,12.0,,326.0,858.0
2020-11-25,S92000003,Scotland,932,92767,,,,,,,32,3864,70.69154774972557,1103,,86.0,,6.0,,250.0,853.0
2020-11-26,S92000003,Scotland,804,93571,,,,,,,23,3887,71.11233077204537,978,,105.0,,8.0,,248.0,730.0
2020-11-27,S92000003,Scotland,738,94309,,,,,,,24,3911,71.55140870837907,917,,92.0,,7.0,,259.0,658.0
2020-11-28,S92000003,Scotland,572,94881,,,,,,,41,3952,72.30150018294914,699,,64.0,,3.0,,161.0,538.0
2020-11-29,S92000003,Scotland,558,95439,,,,,,,28,3980,72.81375777533846,677,,70.0,,4.0,,165.0,512.0
2020-11-30,S92000003,Scotland,973,96412,,,,,,,32,4012,73.39919502378339,1148,,90.0,,6.0,,335.0,813.0
2020-12-01,S92000003,Scotland,932,97344,,,,,,,27,4039,73.8931577021588,1106,,86.0,,6.0,,325.0,781.0
2020-12-02,S92000003,Scotland,951,98295,,,,,,,20,4059,74.25905598243688,1123,,104.0,,5.0,,329.0,794.0
2020-12-03,S92000003,Scotland,805,99100,,,,,,,36,4095,74.91767288693742,966,,75.0,,4.0,,251.0,715.0
2020-12-04,S92000003,Scotland,649,99749,,,,,,,29,4124,75.44822539334065,796,,87.0,,5.0,,230.0,566.0
2020-12-05,S92000003,Scotland,666,100415,,,,,,,19,4143,75.79582875960483,785,,78.0,,3.0,,176.0,609.0
2020-12-06,S92000003,Scotland,643,101058,,,,,,,29,4172,76.32638126600806,749,,66.0,,1.0,,180.0,569.0
2020-12-07,S92000003,Scotland,955,102013,,,,,,,29,4201,76.85693377241127,1111,,92.0,,5.0,,303.0,808.0
2020-12-08,S92000003,Scotland,1046,103059,,,,,,,28,4229,77.36919136480059,1200,,105.0,,7.0,,326.0,874.0
2020-12-09,S92000003,Scotland,1008,104067,,,,,,,23,4252,77.78997438712038,1182,,98.0,,3.0,,298.0,884.0
2020-12-10,S92000003,Scotland,902,104969,,,,,,,23,4275,78.21075740944018,1052,,94.0,,7.0,,274.0,778.0
2020-12-11,S92000003,Scotland,872,105841,,,,,,,20,4295,78.57665568971827,1023,,93.0,,5.0,,218.0,805.0
2020-12-12,S92000003,Scotland,681,106522,,,,,,,23,4318,78.99743871203805,781,,71.0,,3.0,,131.0,650.0
2020-12-13,S92000003,Scotland,719,107241,,,,,,,26,4344,79.47310647639956,826,,70.0,,4.0,,177.0,649.0
2020-12-14,S92000003,Scotland,1081,108322,,,,,,,31,4375,80.04024881083059,1255,,94.0,,6.0,,322.0,933.0
2020-12-15,S92000003,Scotland,1030,109352,,,,,,,32,4407,80.62568605927552,1170,,85.0,,8.0,,255.0,915.0
2020-12-16,S92000003,Scotland,1028,110380,,,,,,,31,4438,81.19282839370655,1179,,114.0,,6.0,,310.0,869.0
2020-12-17,S92000003,Scotland,909,111289,,,,,,,36,4474,81.8514452982071,1043,,99.0,,5.0,,287.0,756.0
2020-12-18,S92000003,Scotland,920,112209,,,,,,,23,4497,82.27222832052689,1064,,90.0,,8.0,,275.0,789.0
2020-12-19,S92000003,Scotland,748,112957,,,,,,,27,4524,82.7661909989023,890,,95.0,,8.0,,234.0,656.0
2020-12-20,S92000003,Scotland,812,113769,,,,,,,29,4553,83.29674350530551,950,,70.0,,4.0,,201.0,749.0
2020-12-21,S92000003,Scotland,1304,115073,,,,,,,25,4578,83.75411635565312,1512,,108.0,,10.0,,390.0,1122.0
2020-12-22,S92000003,Scotland,1327,116400,,,,,,,28,4606,84.26637394804244,1501,,105.0,,3.0,,303.0,1198.0
2020-12-23,S92000003,Scotland,1311,117711,,,,,,,35,4641,84.9066959385291,1504,,107.0,,6.0,,265.0,1239.0
2020-12-24,S92000003,Scotland,1017,118728,,,,,,,36,4677,85.56531284302964,1140,,96.0,,1.0,,205.0,935.0
2020-12-25,S92000003,Scotland,515,119243,,,,,,,35,4712,86.20563483351629,598,,78.0,,5.0,,122.0,476.0
2020-12-26,S92000003,Scotland,1050,120293,,,,,,,34,4746,86.82766190998902,1176,,109.0,,7.0,,230.0,946.0
2020-12-27,S92000003,Scotland,1681,121974,,,,,,,34,4780,87.44968898646177,1867,,143.0,,8.0,,287.0,1580.0
2020-12-28,S92000003,Scotland,1804,123778,,,,,,,31,4811,88.01683132089279,1990,,155.0,,11.0,,406.0,1584.0
2020-12-29,S92000003,Scotland,3130,126908,,,,,,,27,4838,88.5107939992682,3356,,156.0,,12.0,,466.0,2890.0
2020-12-30,S92000003,Scotland,2963,129871,,,,,,,32,4870,89.09623124771313,3192,,193.0,,7.0,,451.0,2741.0
2020-12-31,S92000003,Scotland,2374,132245,,,,,,,44,4914,89.90120746432491,2612,,173.0,,9.0,,409.0,2203.0
2021-01-01,S92000003,Scotland,1159,133404,,,,,,,35,4949,90.54152945481157,1275,,135.0,,14.0,,228.0,1047.0
2021-01-02,S92000003,Scotland,2211,135615,,,,,,,42,4991,91.30991584339552,2400,,153.0,,9.0,,328.0,2072.0
2021-01-03,S92000003,Scotland,2218,137833,,,,,,,42,5033,92.0783022319795,2390,,137.0,,10.0,,393.0,1997.0
2021-01-04,S92000003,Scotland,2375,140208,,,,,,,37,5070,92.75521405049396,2644,,188.0,,12.0,,537.0,2107.0
2021-01-05,S92000003,Scotland,3050,143258,,,,,,,40,5110,93.48701061105014,3420,,197.0,,17.0,,718.0,2702.0
2021-01-06,S92000003,Scotland,2543,145801,,,,,,,48,5158,94.36516648371752,2900,,202.0,,13.0,,581.0,2319.0
2021-01-07,S92000003,Scotland,2196,147997,,,,,,,44,5202,95.17014270032932,2646,,205.0,,18.0,,774.0,1872.0
2021-01-08,S92000003,Scotland,1823,149820,,,,,,,42,5244,95.93852908891328,2230,,198.0,,11.0,,582.0,1648.0
2021-01-09,S92000003,Scotland,1497,151317,,,,,,,38,5282,96.63373582144165,1752,,184.0,,21.0,,422.0,1330.0
2021-01-10,S92000003,Scotland,1423,152740,,,,,,,59,5341,97.713135748262,1662,,169.0,,15.0,,444.0,1218.0
2021-01-11,S92000003,Scotland,2088,154828,,,,,,,48,5389,98.59129162092938,2382,,242.0,,9.0,,606.0,1776.0
2021-01-12,S92000003,Scotland,1977,156805,,,,,,,51,5440,99.5243322356385,2412,,211.0,,16.0,,756.0,1656.0
2021-01-13,S92000003,Scotland,1712,158517,,,,,,,51,5491,100.4573728503476,2097,,180.0,,16.0,,625.0,1472.0
2021-01-14,S92000003,Scotland,1620,160137,,,,,,,58,5549,101.51847786315405,1996,,206.0,,19.0,,530.0,1466.0
2021-01-15,S92000003,Scotland,1535,161672,,,,,,,58,5607,102.5795828759605,1820,,184.0,,13.0,,472.0,1348.0
2021-01-16,S92000003,Scotland,1176,162848,,,,,,,76,5683,103.9699963410172,1392,,170.0,,17.0,,347.0,1045.0
2021-01-17,S92000003,Scotland,1199,164047,,,,,,,43,5726,104.75667764361508,1446,,160.0,,15.0,,410.0,1036.0
2021-01-18,S92000003,Scotland,1735,165782,,,,,,,63,5789,105.90925722649104,2064,,178.0,,19.0,,557.0,1507.0
2021-01-19,S92000003,Scotland,1546,167328,,,,,,,70,5859,107.18990120746432,1831,,198.0,,15.0,,517.0,1314.0
2021-01-20,S92000003,Scotland,1572,168900,,,,,,,66,5925,108.397365532382,1876,,184.0,,17.0,,565.0,1311.0
2021-01-21,S92000003,Scotland,1240,170140,,,,,,,56,5981,109.42188071716063,1598,,194.0,,17.0,,538.0,1060.0
2021-01-22,S92000003,Scotland,1228,171368,,,,,,,68,6049,110.66593487010611,1470,,172.0,,8.0,,434.0,1036.0
2021-01-23,S92000003,Scotland,936,172304,,,,,,,53,6102,111.63556531284304,1109,,148.0,,7.0,,305.0,804.0
2021-01-24,S92000003,Scotland,857,173161,,,,,,,70,6172,112.91620929381632,984,,121.0,,9.0,,253.0,731.0
2021-01-25,S92000003,Scotland,1318,174479,,,,,,,52,6224,113.86754482253932,1599,,147.0,,14.0,,502.0,1097.0
2021-01-26,S92000003,Scotland,1177,175656,,,,,,,50,6274,114.78229052323454,1417,,162.0,,6.0,,403.0,1014.0
2021-01-27,S92000003,Scotland,1112,176768,,,,,,,61,6335,115.89828027808268,1314,,159.0,,13.0,,344.0,970.0
2021-01-28,S92000003,Scotland,1113,177881,,,,,,,46,6381,116.73984632272229,1310,,139.0,,8.0,,400.0,910.0
2021-01-29,S92000003,Scotland,961,178842,,,,,,,59,6440,117.81924624954264,1157,,152.0,,12.0,,324.0,833.0
2021-01-30,S92000003,Scotland,779,179621,,,,,,,44,6484,118.6242224661544,931,,118.0,,9.0,,221.0,710.0
2021-01-31,S92000003,Scotland,808,180429,,,,,,,48,6532,119.5023783388218,966,,108.0,,12.0,,240.0,726.0
2021-02-01,S92000003,Scotland,1095,181524,,,,,,,43,6575,120.28905964141968,1302,,124.0,,9.0,,325.0,977.0
2021-02-02,S92000003,Scotland,1049,182573,,,,,,,44,6619,121.09403585803148,1246,,113.0,,11.0,,348.0,898.0
2021-02-03,S92000003,Scotland,930,183503,,,,,,,48,6667,121.97219173069888,1107,,112.0,,5.0,,281.0,826.0
2021-02-04,S92000003,Scotland,899,184402,,,,,,,32,6699,122.5576289791438,1073,,111.0,,7.0,,273.0,800.0
2021-02-05,S92000003,Scotland,935,185337,,,,,,,44,6743,123.36260519575556,1081,,116.0,,14.0,,291.0,790.0
2021-02-06,S92000003,Scotland,706,186043,,,,,,,50,6793,124.27735089645078,814,,92.0,,7.0,,154.0,660.0
2021-02-07,S92000003,Scotland,654,186697,,,,,,,42,6835,125.04573728503476,780,,97.0,,10.0,,208.0,572.0
2021-02-08,S92000003,Scotland,991,187688,,,,,,,40,6875,125.77753384559092,1155,,83.0,,15.0,,315.0,840.0
2021-02-09,S92000003,Scotland,758,188446,,,,,,,49,6924,126.67398463227222,888,,98.0,,9.0,,300.0,588.0
2021-02-10,S92000003,Scotland,843,189289,,,,,,,37,6961,127.35089645078668,1006,,82.0,,7.0,,326.0,680.0
2021-02-11,S92000003,Scotland,842,190131,,,,,,,35,6996,127.99121844127332,1015,,96.0,,12.0,,331.0,684.0
2021-02-12,S92000003,Scotland,901,191032,,,,,,,41,7037,128.7413099158434,1027,,94.0,,12.0,,283.0,744.0
2021-02-13,S92000003,Scotland,542,191574,,,,,,,32,7069,129.32674716428832,641,,72.0,,7.0,,154.0,487.0
2021-02-14,S92000003,Scotland,681,192255,,,,,,,32,7101,129.91218441273327,775,,64.0,,9.0,,173.0,602.0
2021-02-15,S92000003,Scotland,963,193218,,,,,,,34,7135,130.534211489206,1102,,92.0,,13.0,,273.0,829.0
2021-02-16,S92000003,Scotland,912,194130,,,,,,,26,7161,131.0098792535675,1055,,99.0,,8.0,,231.0,824.0
2021-02-17,S92000003,Scotland,825,194955,,,,,,,28,7189,131.52213684595682,978,,76.0,,8.0,,216.0,762.0
2021-02-18,S92000003,Scotland,878,195833,,,,,,,35,7224,132.16245883644345,1012,,78.0,,9.0,,217.0,795.0
2021-02-19,S92000003,Scotland,890,196723,,,,,,,44,7268,132.96743505305523,1027,,91.0,,12.0,,188.0,839.0
2021-02-20,S92000003,Scotland,659,197382,,,,,,,27,7295,133.46139773143065,766,,86.0,,3.0,,136.0,630.0
2021-02-21,S92000003,Scotland,609,197991,,,,,,,20,7315,133.82729601170877,705,,70.0,,10.0,,142.0,563.0
2021-02-22,S92000003,Scotland,787,198778,,,,,,,22,7337,134.22978412001464,946,,73.0,,9.0,,204.0,742.0
2021-02-23,S92000003,Scotland,693,199471,,,,,,,16,7353,134.5225027442371,809,,69.0,,6.0,,172.0,637.0
2021-02-24,S92000003,Scotland,699,200170,,,,,,,18,7371,134.85181119648738,796,,57.0,,5.0,,142.0,654.0
2021-02-25,S92000003,Scotland,628,200798,,,,,,,20,7391,135.21770947676546,719,,50.0,,3.0,,122.0,597.0
2021-02-26,S92000003,Scotland,522,201320,,,,,,,16,7407,135.51042810098792,613,,62.0,,6.0,,112.0,501.0
2021-02-27,S92000003,Scotland,414,201734,,,,,,,19,7426,135.8580314672521,503,,50.0,,4.0,,94.0,409.0
2021-02-28,S92000003,Scotland,426,202160,,,,,,,9,7435,136.02268569337724,489,,54.0,,3.0,,68.0,421.0
2021-03-01,S92000003,Scotland,547,202707,,,,,,,20,7455,136.38858397365533,663,,67.0,,7.0,,156.0,507.0
2021-03-02,S92000003,Scotland,518,203225,,,,,,,12,7467,136.60812294182216,610,,65.0,,4.0,,114.0,496.0
2021-03-03,S92000003,Scotland,495,203720,,,,,,,11,7478,136.80936699597513,596,,42.0,,9.0,,116.0,480.0
2021-03-04,S92000003,Scotland,558,204278,,,,,,,14,7492,137.06549579216977,657,,45.0,,0.0,,106.0,551.0
2021-03-05,S92000003,Scotland,465,204743,,,,,,,8,7500,137.21185510428103,547,,42.0,,3.0,,101.0,446.0
2021-03-06,S92000003,Scotland,479,205222,,,,,,,10,7510,137.39480424442004,558,,37.0,,5.0,,76.0,482.0
2021-03-07,S92000003,Scotland,433,205655,,,,,,,10,7520,137.5777533845591,497,,24.0,,4.0,,74.0,423.0
2021-03-08,S92000003,Scotland,588,206243,,,,,,,15,7535,137.85217709476763,672,,35.0,,2.0,,123.0,549.0
2021-03-09,S92000003,Scotland,653,206896,,,,,,,10,7545,138.0351262349067,741,,45.0,,4.0,,103.0,638.0
2021-03-10,S92000003,Scotland,622,207518,,,,,,,5,7550,138.12660080497622,698,,34.0,,2.0,,97.0,601.0
2021-03-11,S92000003,Scotland,662,208180,,,,,,,8,7558,138.27296011708745,740,,36.0,,3.0,,115.0,625.0
2021-03-12,S92000003,Scotland,584,208764,,,,,,,6,7564,138.3827296011709,654,,42.0,,2.0,,80.0,574.0
2021-03-13,S92000003,Scotland,464,209228,,,,,,,4,7568,138.4559092572265,538,,29.0,,4.0,,75.0,463.0
2021-03-14,S92000003,Scotland,443,209671,,,,,,,7,7575,138.5839736553238,504,,26.0,,4.0,,64.0,440.0
2021-03-15,S92000003,Scotland,688,210359,,,,,,,1,7576,138.60226856933772,756,,40.0,,4.0,,106.0,650.0
2021-03-16,S92000003,Scotland,572,210931,,,,,,,11,7587,138.8035126234907,637,,25.0,,2.0,,88.0,549.0
2021-03-17,S92000003,Scotland,597,211528,,,,,,,8,7595,138.94987193560192,683,,36.0,,5.0,,93.0,590.0
2021-03-18,S92000003,Scotland,552,212080,,,,,,,3,7598,139.0047566776436,618,,32.0,,0.0,,76.0,542.0
2021-03-19,S92000003,Scotland,542,212622,,,,,,,6,7604,139.11452616172704,603,,24.0,,2.0,,71.0,532.0
2021-03-20,S92000003,Scotland,458,213080,,,,,,,5,7609,139.20600073179656,512,,19.0,,3.0,,44.0,468.0
2021-03-21,S92000003,Scotland,463,213543,,,,,,,4,7613,139.27918038785216,500,,29.0,,2.0,,65.0,435.0
2021-03-22,S92000003,Scotland,680,214223,,,,,,,3,7616,139.3340651298939,753,,33.0,,1.0,,85.0,668.0
2021-03-23,S92000003,Scotland,603,214826,,,,,,,3,7619,139.3889498719356,671,,29.0,,4.0,,61.0,610.0
2021-03-24,S92000003,Scotland,541,215367,,,,,,,4,7623,139.46212952799124,599,,28.0,,3.0,,65.0,534.0
2021-03-25,S92000003,Scotland,573,215940,,,,,,,7,7630,139.59019392608857,645,,29.0,,4.0,,61.0,584.0
2021-03-26,S92000003,Scotland,474,216414,,,,,,,5,7635,139.68166849615807,525,,24.0,,3.0,,58.0,467.0
2021-03-27,S92000003,Scotland,386,216800,,,,,,,5,7640,139.7731430662276,424,,20.0,,2.0,,31.0,393.0
2021-03-28,S92000003,Scotland,357,217157,,,,,,,5,7645,139.8646176362971,406,,24.0,,4.0,,37.0,369.0
2021-03-29,S92000003,Scotland,514,217671,,,,,,,5,7650,139.95609220636663,569,,24.0,,2.0,,58.0,511.0
2021-03-30,S92000003,Scotland,394,218065,,,,,,,2,7652,139.99268203439445,449,,21.0,,2.0,,56.0,393.0
2021-03-31,S92000003,Scotland,394,218459,,,,,,,1,7653,140.01097694840834,462,,21.0,,2.0,,58.0,404.0
2021-04-01,S92000003,Scotland,413,218872,,,,,,,1,7654,140.02927186242223,463,,23.0,,3.0,,52.0,411.0
2021-04-02,S92000003,Scotland,353,219225,,,,,,,2,7656,140.06586169045005,397,,26.0,,1.0,,41.0,356.0
2021-04-03,S92000003,Scotland,280,219505,,,,,,,2,7658,140.10245151847786,319,,17.0,,1.0,,36.0,283.0
2021-04-04,S92000003,Scotland,254,219759,,,,,,,1,7659,140.1207464324918,294,,15.0,,0.0,,33.0,261.0
2021-04-05,S92000003,Scotland,293,220052,,,,,,,4,7663,140.1939260885474,335,,32.0,,2.0,,39.0,296.0
2021-04-06,S92000003,Scotland,356,220408,,,,,,,2,7665,140.2305159165752,392,,22.0,,2.0,,37.0,355.0
2021-04-07,S92000003,Scotland,282,220690,,,,,,,2,7667,140.267105744603,325,,22.0,,2.0,,35.0,290.0
2021-04-08,S92000003,Scotland,282,220972,,,,,,,2,7669,140.3036955726308,337,,22.0,,0.0,,40.0,297.0
2021-04-09,S92000003,Scotland,266,221238,,,,,,,2,7671,140.34028540065862,302,,21.0,,0.0,,47.0,255.0
2021-04-10,S92000003,Scotland,227,221465,,,,,,,3,7674,140.39517014270032,265,,16.0,,1.0,,42.0,223.0
2021-04-11,S92000003,Scotland,212,221677,,,,,,,2,7676,140.43175997072814,244,,14.0,,1.0,,27.0,217.0
2021-04-12,S92000003,Scotland,260,221937,,,,,,,0,7676,140.43175997072814,307,,17.0,,1.0,,35.0,272.0
2021-04-13,S92000003,Scotland,261,222198,,,,,,,0,7676,140.43175997072814,298,,13.0,,2.0,,46.0,252.0
2021-04-14,S92000003,Scotland,212,222410,,,,,,,3,7679,140.48664471276985,244,,17.0,,2.0,,26.0,218.0
2021-04-15,S92000003,Scotland,198,222608,,,,,,,2,7681,140.52323454079766,241,,16.0,,0.0,,39.0,202.0
2021-04-16,S92000003,Scotland,222,222830,,,,,,,1,7682,140.54152945481155,249,,15.0,,1.0,,30.0,219.0
2021-04-17,S92000003,Scotland,202,223032,,,,,,,1,7683,140.55982436882545,228,,11.0,,2.0,,27.0,201.0
2021-04-18,S92000003,Scotland,175,223207,,,,,,,0,7683,140.55982436882545,207,,13.0,,0.0,,24.0,183.0
2021-04-19,S92000003,Scotland,264,223471,,,,,,,1,7684,140.57811928283937,300,,16.0,,2.0,,39.0,261.0
2021-04-20,S92000003,Scotland,242,223713,,,,,,,1,7685,140.5964141968533,261,,14.0,,0.0,,35.0,226.0
2021-04-21,S92000003,Scotland,237,223950,,,,,,,3,7688,140.651298938895,265,,13.0,,1.0,,38.0,227.0
2021-04-22,S92000003,Scotland,231,224181,,,,,,,0,7688,140.651298938895,271,,13.0,,1.0,,38.0,233.0
2021-04-23,S92000003,Scotland,188,224369,,,,,,,2,7690,140.68788876692278,214,,12.0,,1.0,,27.0,187.0
2021-04-24,S92000003,Scotland,150,224519,,,,,,,0,7690,140.68788876692278,173,,9.0,,2.0,,23.0,150.0
2021-04-25,S92000003,Scotland,109,224628,,,,,,,2,7692,140.7244785949506,127,,9.0,,0.0,,14.0,113.0
2021-04-26,S92000003,Scotland,195,224823,,,,,,,2,7694,140.7610684229784,217,,14.0,,1.0,,26.0,191.0
2021-04-27,S92000003,Scotland,195,225018,,,,,,,1,7695,140.77936333699233,226,,13.0,,2.0,,34.0,192.0
2021-04-28,S92000003,Scotland,193,225211,,,,,,,1,7696,140.79765825100625,217,,9.0,,0.0,,43.0,174.0
2021-04-29,S92000003,Scotland,174,225385,,,,,,,0,7696,140.79765825100625,199,,11.0,,0.0,,24.0,175.0
2021-04-30,S92000003,Scotland,172,225557,,,,,,,0,7696,140.79765825100625,197,,11.0,,3.0,,24.0,173.0
2021-05-01,S92000003,Scotland,126,225683,,,,,,,0,7696,140.79765825100625,145,,8.0,,1.0,,10.0,135.0
2021-05-02,S92000003,Scotland,121,225804,,,,,,,1,7697,140.81595316502012,135,,7.0,,1.0,,14.0,121.0
2021-05-03,S92000003,Scotland,162,225966,,,,,,,0,7697,140.81595316502012,174,,8.0,,2.0,,15.0,159.0
2021-05-04,S92000003,Scotland,196,226162,,,,,,,0,7697,140.81595316502012,213,,12.0,,2.0,,19.0,194.0
2021-05-05,S92000003,Scotland,222,226384,,,,,,,0,7697,140.81595316502012,245,,9.0,,0.0,,33.0,212.0
2021-05-06,S92000003,Scotland,218,226602,,,,,,,0,7697,140.81595316502012,242,,20.0,,2.0,,25.0,217.0
2021-05-07,S92000003,Scotland,203,226805,,,,,,,0,7697,140.81595316502012,226,,12.0,,1.0,,19.0,207.0
2021-05-08,S92000003,Scotland,185,226990,,,,,,,0,7697,140.81595316502012,200,,11.0,,1.0,,19.0,181.0
2021-05-09,S92000003,Scotland,210,227200,,,,,,,0,7697,140.81595316502012,226,,12.0,,0.0,,18.0,208.0
2021-05-10,S92000003,Scotland,329,227529,,,,,,,0,7697,140.81595316502012,362,,7.0,,3.0,,27.0,335.0
2021-05-11,S92000003,Scotland,283,227812,,,,,,,0,7697,140.81595316502012,316,,21.0,,1.0,,27.0,289.0
2021-05-12,S92000003,Scotland,298,228110,,,,,,,2,7699,140.85254299304793,322,,12.0,,0.0,,31.0,291.0
2021-05-13,S92000003,Scotland,314,228424,,,,,,,0,7699,140.85254299304793,332,,16.0,,0.0,,48.0,284.0
2021-05-14,S92000003,Scotland,291,228715,,,,,,,0,7699,140.85254299304793,314,,9.0,,0.0,,14.0,300.0
2021-05-15,S92000003,Scotland,228,228943,,,,,,,0,7699,140.85254299304793,247,,7.0,,0.0,,18.0,229.0
2021-05-16,S92000003,Scotland,231,229174,,,,,,,0,7699,140.85254299304793,246,,11.0,,1.0,,21.0,225.0
2021-05-17,S92000003,Scotland,361,229535,,,,,,,1,7700,140.87083790706183,401,,13.0,,1.0,,24.0,377.0
2021-05-18,S92000003,Scotland,417,229952,,,,,,,0,7700,140.87083790706183,448,,24.0,,0.0,,47.0,401.0
2021-05-19,S92000003,Scotland,409,230361,,,,,,,0,7700,140.87083790706183,447,,20.0,,1.0,,31.0,416.0
2021-05-20,S92000003,Scotland,381,230742,,,,,,,0,7700,140.87083790706183,417,,21.0,,1.0,,42.0,375.0
2021-05-21,S92000003,Scotland,360,231102,,,,,,,0,7700,140.87083790706183,400,,26.0,,3.0,,22.0,378.0
2021-05-22,S92000003,Scotland,291,231393,,,,,,,1,7701,140.88913282107575,319,,20.0,,1.0,,29.0,290.0
2021-05-23,S92000003,Scotland,324,231717,,,,,,,1,7702,140.90742773508964,360,,17.0,,0.0,,25.0,335.0
2021-05-24,S92000003,Scotland,496,232213,,,,,,,0,7702,140.90742773508964,531,,21.0,,1.0,,34.0,497.0
2021-05-25,S92000003,Scotland,504,232717,,,,,,,0,7702,140.90742773508964,564,,25.0,,1.0,,46.0,518.0
2021-05-26,S92000003,Scotland,628,233345,,,,,,,1,7703,140.92572264910353,666,,15.0,,1.0,,29.0,637.0
2021-05-27,S92000003,Scotland,552,233897,,,,,,,1,7704,140.94401756311746,588,,17.0,,1.0,,33.0,555.0
2021-05-28,S92000003,Scotland,548,234445,,,,,,,1,7705,140.96231247713135,593,,29.0,,1.0,,30.0,563.0
2021-05-29,S92000003,Scotland,435,234880,,,,,,,2,7707,140.99890230515916,464,,26.0,,1.0,,27.0,437.0
2021-05-30,S92000003,Scotland,486,235366,,,,,,,1,7708,141.01719721917308,526,,22.0,,1.0,,21.0,505.0
2021-05-31,S92000003,Scotland,601,235967,,,,,,,0,7708,141.01719721917308,676,,25.0,,0.0,,35.0,641.0
2021-06-01,S92000003,Scotland,773,236740,,,,,,,0,7708,141.01719721917308,867,,31.0,,4.0,,46.0,821.0
2021-06-02,S92000003,Scotland,959,237699,,,,,,,1,7709,141.03549213318698,1017,,24.0,,2.0,,44.0,973.0
2021-06-03,S92000003,Scotland,949,238648,,,,,,,2,7711,141.07208196121476,1024,,36.0,,0.0,,65.0,959.0
2021-06-04,S92000003,Scotland,822,239470,,,,,,,1,7712,141.09037687522869,889,,24.0,,1.0,,42.0,847.0
2021-06-05,S92000003,Scotland,606,240076,,,,,,,0,7712,141.09037687522869,652,,22.0,,2.0,,23.0,629.0
2021-06-06,S92000003,Scotland,677,240753,,,,,,,1,7713,141.10867178924258,726,,30.0,,2.0,,35.0,691.0
2021-06-07,S92000003,Scotland,953,241706,,,,,,,1,7714,141.1269667032565,1021,,29.0,,4.0,,44.0,977.0
2021-06-08,S92000003,Scotland,1026,242732,,,,,,,0,7714,141.1269667032565,1104,,24.0,,1.0,,48.0,1056.0
2021-06-09,S92000003,Scotland,1056,243788,,,,,,,2,7716,141.1635565312843,1118,,31.0,,0.0,,49.0,1069.0
2021-06-10,S92000003,Scotland,1040,244828,,,,,,,2,7718,141.2001463593121,1136,,33.0,,2.0,,46.0,1090.0
2021-06-11,S92000003,Scotland,865,245693,,,,,,,0,7718,141.2001463593121,959,,25.0,,3.0,,43.0,916.0
2021-06-12,S92000003,Scotland,706,246399,,,,,,,0,7718,141.2001463593121,765,,34.0,,1.0,,36.0,729.0
2021-06-13,S92000003,Scotland,855,247254,,,,,,,3,7721,141.25503110135384,919,,25.0,,2.0,,36.0,883.0
2021-06-14,S92000003,Scotland,1130,248384,,,,,,,1,7722,141.27332601536773,1220,,41.0,,1.0,,63.0,1157.0
2021-06-15,S92000003,Scotland,1279,249663,,,,,,,6,7728,141.38309549945114,1366,,34.0,,2.0,,68.0,1298.0
2021-06-16,S92000003,Scotland,1265,250928,,,,,,,1,7729,141.40139041346507,1352,,43.0,,0.0,,73.0,1279.0
2021-06-17,S92000003,Scotland,1164,252092,,,,,,,1,7730,141.41968532747896,1249,,26.0,,1.0,,64.0,1185.0
2021-06-18,S92000003,Scotland,1231,253323,,,,,,,2,7732,141.45627515550677,1323,,47.0,,4.0,,76.0,1247.0
2021-06-19,S92000003,Scotland,997,254320,,,,,,,2,7734,141.49286498353456,1082,,29.0,,1.0,,39.0,1043.0
2021-06-20,S92000003,Scotland,1548,255868,,,,,,,3,7737,141.5477497255763,1647,,31.0,,1.0,,50.0,1597.0
2021-06-21,S92000003,Scotland,3019,258887,,,,,,,2,7739,141.58433955360408,3163,,37.0,,5.0,,93.0,3070.0
2021-06-22,S92000003,Scotland,3243,262130,,,,,,,4,7743,141.6575192096597,3405,,48.0,,0.0,,109.0,3296.0
2021-06-23,S92000003,Scotland,2891,265021,,,,,,,1,7744,141.67581412367363,3074,,55.0,,1.0,,119.0,2955.0
2021-06-24,S92000003,Scotland,2947,267968,,,,,,,2,7746,141.71240395170142,3098,,51.0,,1.0,,123.0,2975.0
2021-06-25,S92000003,Scotland,2619,270587,,,,,,,1,7747,141.7306988657153,2809,,45.0,,2.0,,90.0,2719.0
2021-06-26,S92000003,Scotland,2292,272879,,,,,,,8,7755,141.87705817782657,2441,,31.0,,0.0,,89.0,2352.0
2021-06-27,S92000003,Scotland,2511,275390,,,,,,,3,7758,141.93194291986828,2628,,37.0,,3.0,,76.0,2552.0
2021-06-28,S92000003,Scotland,3922,279312,,,,,,,3,7761,141.98682766190998,4145,,64.0,,2.0,,161.0,3984.0
2021-06-29,S92000003,Scotland,3873,283185,,,,,,,3,7764,142.0417124039517,4098,,68.0,,0.0,,149.0,3949.0
2021-06-30,S92000003,Scotland,3907,287092,,,,,,,1,7765,142.0600073179656,4160,,70.0,,3.0,,159.0,4001.0
2021-07-01,S92000003,Scotland,3429,290521,,,,,,,2,7767,142.09659714599343,3672,,63.0,,6.0,,150.0,3522.0
2021-07-02,S92000003,Scotland,3079,293600,,,,,,,2,7769,142.1331869740212,3334,,70.0,,3.0,,167.0,3167.0
2021-07-03,S92000003,Scotland,2509,296109,,,,,,,4,7773,142.20636663007684,2714,,56.0,,5.0,,106.0,2608.0
2021-07-04,S92000003,Scotland,2407,298516,,,,,,,6,7779,142.31613611416026,2576,,68.0,,4.0,,129.0,2447.0
2021-07-05,S92000003,Scotland,3378,301894,,,,,,,5,7784,142.40761068422978,3687,,83.0,,9.0,,186.0,3501.0
2021-07-06,S92000003,Scotland,3091,304985,,,,,,,13,7797,142.64544456641053,3378,,103.0,,2.0,,205.0,3173.0
2021-07-07,S92000003,Scotland,2896,307881,,,,,,,5,7802,142.73691913648008,3221,,89.0,,8.0,,193.0,3028.0
2021-07-08,S92000003,Scotland,2729,310610,,,,,,,12,7814,142.9564581046469,3017,,103.0,,7.0,,186.0,2831.0
2021-07-09,S92000003,Scotland,2382,312992,,,,,,,7,7821,143.08452250274425,2678,,84.0,,5.0,,173.0,2505.0
2021-07-10,S92000003,Scotland,1812,314804,,,,,,,7,7828,143.21258690084156,2017,,83.0,,5.0,,116.0,1901.0
2021-07-11,S92000003,Scotland,1881,316685,,,,,,,6,7834,143.32235638492497,2068,,73.0,,5.0,,138.0,1930.0
2021-07-12,S92000003,Scotland,2577,319262,,,,,,,7,7841,143.4504207830223,2883,,102.0,,7.0,,197.0,2686.0
2021-07-13,S92000003,Scotland,2444,321706,,,,,,,10,7851,143.63336992316135,2712,,105.0,,7.0,,258.0,2454.0
2021-07-14,S92000003,Scotland,2194,323900,,,,,,,8,7859,143.7797292352726,2475,,79.0,,4.0,,184.0,2291.0
2021-07-15,S92000003,Scotland,1963,325863,,,,,,,7,7866,143.90779363336992,2221,,79.0,,7.0,,190.0,2031.0
2021-07-16,S92000003,Scotland,1749,327612,,,,,,,5,7871,143.99926820343944,1955,,68.0,,8.0,,135.0,1820.0
2021-07-17,S92000003,Scotland,1400,329012,,,,,,,7,7878,144.12733260153678,1578,,50.0,,6.0,,101.0,1477.0
2021-07-18,S92000003,Scotland,1385,330397,,,,,,,8,7886,144.273691913648,1547,,68.0,,6.0,,107.0,1440.0
2021-07-19,S92000003,Scotland,1908,332305,,,,,,,9,7895,144.43834613977316,2147,,80.0,,5.0,,175.0,1972.0
2021-07-20,S92000003,Scotland,1598,333903,,,,,,,6,7901,144.54811562385655,1799,,70.0,,9.0,,160.0,1639.0
2021-07-21,S92000003,Scotland,1573,335476,,,,,,,8,7909,144.6944749359678,1739,,75.0,,6.0,,140.0,1599.0
2021-07-22,S92000003,Scotland,1378,336854,,,,,,,9,7918,144.85912916209293,1551,,60.0,,10.0,,130.0,1421.0
2021-07-23,S92000003,Scotland,1277,338131,,,,,,,7,7925,144.98719356019026,1437,,64.0,,6.0,,115.0,1322.0
2021-07-24,S92000003,Scotland,954,339085,,,,,,,3,7928,145.04207830223197,1064,,44.0,,7.0,,81.0,983.0
2021-07-25,S92000003,Scotland,942,340027,,,,,,,5,7933,145.1335528723015,1035,,53.0,,6.0,,98.0,937.0
2021-07-26,S92000003,Scotland,1372,341399,,,,,,,7,7940,145.26161727039883,1551,,54.0,,4.0,,128.0,1423.0
2021-07-27,S92000003,Scotland,1353,342752,,,,,,,8,7948,145.40797658251006,1503,,60.0,,5.0,,145.0,1358.0
2021-07-28,S92000003,Scotland,1286,344038,,,,,,,9,7957,145.5726308086352,1418,,68.0,,3.0,,121.0,1297.0
2021-07-29,S92000003,Scotland,1171,345209,,,,,,,6,7963,145.68240029271865,1299,,43.0,,3.0,,101.0,1198.0
2021-07-30,S92000003,Scotland,1034,346243,,,,,,,7,7970,145.81046469081596,1141,,53.0,,3.0,,99.0,1042.0
2021-07-31,S92000003,Scotland,769,347012,,,,,,,6,7976,145.92023417489938,874,,36.0,,5.0,,64.0,810.0
2021-08-01,S92000003,Scotland,873,347885,,,,,,,10,7986,146.10318331503842,957,,38.0,,3.0,,95.0,862.0
2021-08-02,S92000003,Scotland,1322,349207,,,,,,,7,7993,146.23124771313576,1454,,51.0,,5.0,,145.0,1309.0
2021-08-03,S92000003,Scotland,1366,350573,,,,,,,3,7996,146.2861324551775,1481,,51.0,,3.0,,112.0,1369.0
2021-08-04,S92000003,Scotland,1293,351866,,,,,,,6,8002,146.39590193926088,1413,,39.0,,4.0,,92.0,1321.0
2021-08-05,S92000003,Scotland,1330,353196,,,,,,,7,8009,146.52396633735822,1459,,73.0,,3.0,,74.0,1385.0
2021-08-06,S92000003,Scotland,1256,354452,,,,,,,7,8016,146.65203073545555,1385,,57.0,,1.0,,105.0,1280.0
2021-08-07,S92000003,Scotland,941,355393,,,,,,,6,8022,146.76180021953897,1021,,42.0,,4.0,,63.0,958.0
2021-08-08,S92000003,Scotland,1040,356433,,,,,,,6,8028,146.87156970362238,1131,,40.0,,3.0,,96.0,1035.0
2021-08-09,S92000003,Scotland,1489,357922,,,,,,,6,8034,146.9813391877058,1618,,38.0,,3.0,,115.0,1503.0
2021-08-10,S92000003,Scotland,1518,359440,,,,,,,5,8039,147.07281375777535,1666,,71.0,,5.0,,141.0,1525.0
2021-08-11,S92000003,Scotland,1567,361007,,,,,,,3,8042,147.12769849981706,1701,,43.0,,2.0,,127.0,1574.0
2021-08-12,S92000003,Scotland,1391,362398,,,,,,,4,8046,147.20087815587266,1537,,40.0,,3.0,,110.0,1427.0
2021-08-13,S92000003,Scotland,1523,363921,,,,,,,10,8056,147.3838272960117,1670,,44.0,,3.0,,110.0,1560.0
2021-08-14,S92000003,Scotland,1471,365392,,,,,,,6,8062,147.49359678009512,1573,,47.0,,2.0,,73.0,1500.0
2021-08-15,S92000003,Scotland,1628,367020,,,,,,,6,8068,147.60336626417856,1734,,33.0,,5.0,,93.0,1641.0
2021-08-16,S92000003,Scotland,2746,369766,,,,,,,3,8071,147.65825100622027,2898,,36.0,,5.0,,151.0,2747.0
2021-08-17,S92000003,Scotland,3362,373128,,,,,,,4,8075,147.7314306622759,3562,,67.0,,1.0,,186.0,3376.0
2021-08-18,S92000003,Scotland,3704,376832,,,,,,,7,8082,147.8594950603732,3964,,63.0,,1.0,,207.0,3757.0
2021-08-19,S92000003,Scotland,3711,380543,,,,,,,7,8089,147.98755945847054,3938,,61.0,,2.0,,182.0,3756.0
2021-08-20,S92000003,Scotland,3421,383964,,,,,,,7,8096,148.11562385656788,3665,,68.0,,1.0,,183.0,3482.0
2021-08-21,S92000003,Scotland,3030,386994,,,,,,,5,8101,148.2070984266374,3230,,51.0,,5.0,,125.0,3105.0
2021-08-22,S92000003,Scotland,3646,390640,,,,,,,4,8105,148.280278082693,3818,,55.0,,6.0,,124.0,3694.0
2021-08-23,S92000003,Scotland,5518,396158,,,,,,,7,8112,148.40834248079034,5763,,79.0,,7.0,,248.0,5515.0
2021-08-24,S92000003,Scotland,5597,401755,,,,,,,4,8116,148.48152213684597,5899,,102.0,,5.0,,313.0,5586.0
2021-08-25,S92000003,Scotland,6824,408579,,,,,,,5,8121,148.5729967069155,7206,,108.0,,7.0,,296.0,6910.0
2021-08-26,S92000003,Scotland,7223,415802,,,,,,,5,8126,148.66447127698498,7613,,108.0,,9.0,,315.0,7298.0
2021-08-27,S92000003,Scotland,6020,421822,,,,,,,10,8136,148.84742041712403,6397,,107.0,,8.0,,262.0,6135.0
2021-08-28,S92000003,Scotland,4736,426558,,,,,,,8,8144,148.99377972923529,5032,,102.0,,4.0,,225.0,4807.0
2021-08-29,S92000003,Scotland,4431,430989,,,,,,,8,8152,149.14013904134652,4821,,93.0,,7.0,,220.0,4601.0
2021-08-30,S92000003,Scotland,6519,437508,,,,,,,6,8158,149.24990852542993,6954,,116.0,,6.0,,324.0,6630.0
2021-08-31,S92000003,Scotland,6957,444465,,,,,,,10,8168,149.43285766556895,7371,,135.0,,8.0,,329.0,7042.0
2021-09-01,S92000003,Scotland,7491,451956,,,,,,,8,8176,149.5792169776802,7923,,154.0,,8.0,,368.0,7555.0
2021-09-02,S92000003,Scotland,7526,459482,,,,,,,11,8187,149.78046103183314,8023,,132.0,,8.0,,374.0,7649.0
2021-09-03,S92000003,Scotland,6130,465612,,,,,,,11,8198,149.98170508598608,6588,,155.0,,7.0,,298.0,6290.0
2021-09-04,S92000003,Scotland,4986,470598,,,,,,,10,8208,150.16465422612515,5357,,125.0,,7.0,,221.0,5136.0
2021-09-05,S92000003,Scotland,4900,475498,,,,,,,16,8224,150.4573728503476,5263,,113.0,,16.0,,211.0,5052.0
2021-09-06,S92000003,Scotland,7086,482584,,,,,,,10,8234,150.64032199048663,7546,,161.0,,13.0,,435.0,7111.0
2021-09-07,S92000003,Scotland,6658,489242,,,,,,,18,8252,150.96963044273693,7094,,204.0,,12.0,,451.0,6643.0
2021-09-08,S92000003,Scotland,6209,495451,,,,,,,10,8262,151.15257958287594,6651,,171.0,,10.0,,398.0,6253.0
2021-09-09,S92000003,Scotland,5516,500967,,,,,,,17,8279,151.46359312111232,5950,,168.0,,9.0,,323.0,5627.0
2021-09-10,S92000003,Scotland,4757,505724,,,,,,,25,8304,151.92096597145994,5134,,173.0,,10.0,,316.0,4818.0
2021-09-11,S92000003,Scotland,3616,509340,,,,,,,20,8324,152.28686425173802,3902,,132.0,,13.0,,254.0,3648.0
2021-09-12,S92000003,Scotland,3353,512693,,,,,,,22,8346,152.68935236004393,3603,,138.0,,12.0,,215.0,3388.0
2021-09-13,S92000003,Scotland,5053,517746,,,,,,,21,8367,153.0735455543359,5490,,175.0,,9.0,,373.0,5117.0
2021-09-14,S92000003,Scotland,4745,522491,,,,,,,20,8387,153.43944383461397,5110,,162.0,,7.0,,368.0,4742.0
2021-09-15,S92000003,Scotland,4050,526541,,,,,,,23,8410,153.8602268569338,4370,,171.0,,11.0,,303.0,4067.0
2021-09-16,S92000003,Scotland,3556,530097,,,,,,,16,8426,154.15294548115622,3889,,159.0,,9.0,,295.0,3594.0
2021-09-17,S92000003,Scotland,3353,533450,,,,,,,24,8450,154.59202341748994,3675,,144.0,,15.0,,269.0,3406.0
2021-09-18,S92000003,Scotland,2604,536054,,,,,,,21,8471,154.97621661178192,2838,,116.0,,13.0,,198.0,2640.0
2021-09-19,S92000003,Scotland,2781,538835,,,,,,,27,8498,155.47017929015732,3011,,105.0,,6.0,,201.0,2810.0
2021-09-20,S92000003,Scotland,3991,542826,,,,,,,20,8518,155.83607757043544,4284,,151.0,,7.0,,383.0,3901.0
2021-09-21,S92000003,Scotland,3780,546606,,,,,,,21,8539,156.22027076472742,4056,,122.0,,8.0,,345.0,3711.0
2021-09-22,S92000003,Scotland,3488,550094,,,,,,,31,8570,156.7874130991584,3771,,106.0,,10.0,,340.0,3431.0
2021-09-23,S92000003,Scotland,3096,553190,,,,,,,19,8589,157.1350164654226,3374,,134.0,,4.0,,249.0,3125.0
2021-09-24,S92000003,Scotland,2698,555888,,,,,,,22,8611,157.5375045737285,2913,,111.0,,9.0,,241.0,2672.0
2021-09-25,S92000003,Scotland,2125,558013,,,,,,,21,8632,157.9216977680205,2271,,87.0,,7.0,,143.0,2128.0
2021-09-26,S92000003,Scotland,2135,560148,,,,,,,20,8652,158.28759604829858,2284,,84.0,,2.0,,178.0,2106.0
2021-09-27,S92000003,Scotland,3112,563260,,,,,,,24,8676,158.72667398463227,3339,,117.0,,9.0,,307.0,3032.0
2021-09-28,S92000003,Scotland,3175,566435,,,,,,,16,8692,159.01939260885473,3422,,121.0,,5.0,,327.0,3095.0
2021-09-29,S92000003,Scotland,2586,569021,,,,,,,25,8717,159.47676545920234,2832,,105.0,,5.0,,252.0,2580.0
2021-09-30,S92000003,Scotland,2361,571382,,,,,,,16,8733,159.7694840834248,2552,,93.0,,6.0,,242.0,2310.0
2021-10-01,S92000003,Scotland,2040,573422,,,,,,,19,8752,160.117087449689,2209,,103.0,,6.0,,187.0,2022.0
2021-10-02,S92000003,Scotland,1860,575282,,,,,,,23,8775,160.5378704720088,1983,,88.0,,8.0,,157.0,1826.0
2021-10-03,S92000003,Scotland,1979,577261,,,,,,,15,8790,160.81229418221736,2094,,88.0,,7.0,,150.0,1944.0
2021-10-04,S92000003,Scotland,2945,580206,,,,,,,14,8804,161.068422978412,3144,,138.0,,7.0,,262.0,2882.0
2021-10-05,S92000003,Scotland,2831,583037,,,,,,,23,8827,161.4892060007318,3017,,109.0,,6.0,,276.0,2741.0
2021-10-06,S92000003,Scotland,2638,585675,,,,,,,13,8840,161.72703988291255,2858,,88.0,,7.0,,260.0,2598.0
2021-10-07,S92000003,Scotland,2593,588268,,,,,,,19,8859,162.07464324917677,2778,,118.0,,4.0,,250.0,2528.0
2021-10-08,S92000003,Scotland,2279,590547,,,,,,,14,8873,162.3307720453714,2462,,110.0,,9.0,,222.0,2240.0
2021-10-09,S92000003,Scotland,2129,592676,,,,,,,17,8890,162.64178558360777,2258,,98.0,,9.0,,177.0,2081.0
2021-10-10,S92000003,Scotland,1879,594555,,,,,,,14,8904,162.89791437980242,1992,,75.0,,5.0,,158.0,1834.0
2021-10-11,S92000003,Scotland,2813,597368,,,,,,,22,8926,163.30040248810832,3004,,91.0,,3.0,,254.0,2750.0
2021-10-12,S92000003,Scotland,2621,599989,,,,,,,16,8942,163.59312111233075,2783,,106.0,,3.0,,243.0,2540.0
2021-10-13,S92000003,Scotland,2631,602620,,,,,,,19,8961,163.94072447859497,2780,,87.0,,3.0,,204.0,2576.0
2021-10-14,S92000003,Scotland,2673,605293,,,,,,,20,8981,164.30662275887303,2870,,119.0,,9.0,,269.0,2601.0
2021-10-15,S92000003,Scotland,2568,607861,,,,,,,16,8997,164.59934138309552,2705,,126.0,,8.0,,219.0,2486.0
2021-10-16,S92000003,Scotland,2149,610010,,,,,,,18,9015,164.92864983534577,2258,,86.0,,3.0,,148.0,2110.0
2021-10-17,S92000003,Scotland,2299,612309,,,,,,,15,9030,165.20307354555433,2435,,74.0,,4.0,,150.0,2285.0
2021-10-18,S92000003,Scotland,2950,615259,,,,,,,15,9045,165.4774972557629,3127,,126.0,,7.0,,257.0,2870.0
2021-10-19,S92000003,Scotland,2764,618023,,,,,,,9,9054,165.64215148188805,2948,,130.0,,10.0,,273.0,2675.0
2021-10-20,S92000003,Scotland,2840,620863,,,,,,,16,9070,165.93487010611048,3066,,121.0,,9.0,,309.0,2757.0
2021-10-21,S92000003,Scotland,2536,623399,,,,,,,22,9092,166.33735821441638,2720,,105.0,,8.0,,232.0,2488.0
2021-10-22,S92000003,Scotland,2444,625843,,,,,,,16,9108,166.63007683863884,2614,,113.0,,11.0,,184.0,2430.0
2021-10-23,S92000003,Scotland,2132,627975,,,,,,,23,9131,167.05085986095867,2295,,83.0,,5.0,,185.0,2110.0
2021-10-24,S92000003,Scotland,2319,630294,,,,,,,21,9152,167.43505305525065,2478,,72.0,,3.0,,176.0,2302.0
2021-10-25,S92000003,Scotland,3296,633590,,,,,,,8,9160,167.58141236736188,3553,,129.0,,9.0,,333.0,3220.0
2021-10-26,S92000003,Scotland,2916,636506,,,,,,,19,9179,167.92901573362604,3148,,118.0,,8.0,,305.0,2843.0
2021-10-27,S92000003,Scotland,2651,639157,,,,,,,14,9193,168.1851445298207,2888,,121.0,,9.0,,292.0,2596.0
2021-10-28,S92000003,Scotland,2497,641654,,,,,,,20,9213,168.55104281009878,2705,,113.0,,11.0,,246.0,2459.0
2021-10-29,S92000003,Scotland,2547,644201,,,,,,,19,9232,168.89864617636297,2726,,107.0,,9.0,,290.0,2436.0
2021-10-30,S92000003,Scotland,2029,646230,,,,,,,16,9248,169.19136480058543,2177,,79.0,,6.0,,147.0,2030.0
2021-10-31,S92000003,Scotland,2071,648301,,,,,,,16,9264,169.4840834248079,2215,,81.0,,4.0,,160.0,2055.0
2021-11-01,S92000003,Scotland,3299,651600,,,,,,,27,9291,169.97804610318332,3478,,128.0,,9.0,,318.0,3160.0
2021-11-02,S92000003,Scotland,3046,654646,,,,,,,13,9304,170.21587998536407,3245,,110.0,,6.0,,277.0,2968.0
2021-11-03,S92000003,Scotland,2983,657629,,,,,,,16,9320,170.50859860958653,3137,,92.0,,4.0,,254.0,2883.0
2021-11-04,S92000003,Scotland,2797,660426,,,,,,,22,9342,170.91108671789243,2954,,93.0,,6.0,,221.0,2733.0
2021-11-05,S92000003,Scotland,2781,663207,,,,,,,17,9359,171.22210025612878,2943,,95.0,,8.0,,242.0,2701.0
2021-11-06,S92000003,Scotland,2225,665432,,,,,,,17,9376,171.53311379436516,2334,,63.0,,5.0,,124.0,2210.0
2021-11-07,S92000003,Scotland,2301,667733,,,,,,,12,9388,171.75265276253202,2428,,84.0,,6.0,,163.0,2265.0
2021-11-08,S92000003,Scotland,3823,671556,,,,,,,12,9400,171.97219173069885,4016,,110.0,,12.0,,273.0,3743.0
2021-11-09,S92000003,Scotland,3456,675012,,,,,,,6,9406,172.0819612147823,3650,,105.0,,5.0,,308.0,3342.0
2021-11-10,S92000003,Scotland,3295,678307,,,,,,,14,9420,172.33809001097694,3468,,83.0,,6.0,,240.0,3228.0
2021-11-11,S92000003,Scotland,3216,681523,,,,,,,8,9428,172.48444932308817,3418,,103.0,,7.0,,250.0,3168.0
2021-11-12,S92000003,Scotland,2856,684379,,,,,,,17,9445,172.79546286132455,3042,,92.0,,7.0,,224.0,2818.0
2021-11-13,S92000003,Scotland,2321,686700,,,,,,,10,9455,172.9784120014636,2481,,54.0,,4.0,,108.0,2373.0
2021-11-14,S92000003,Scotland,2423,689123,,,,,,,15,9470,173.25283571167216,2575,,74.0,,6.0,,155.0,2420.0
2021-11-15,S92000003,Scotland,3642,692765,,,,,,,19,9489,173.60043907793633,3838,,89.0,,13.0,,232.0,3606.0
2021-11-16,S92000003,Scotland,3280,696045,,,,,,,5,9494,173.69191364800585,3478,,109.0,,3.0,,252.0,3226.0
2021-11-17,S92000003,Scotland,3318,699363,,,,,,,12,9506,173.9114526161727,3505,,79.0,,6.0,,249.0,3256.0
2021-11-18,S92000003,Scotland,2992,702355,,,,,,,9,9515,174.07610684229783,3138,,84.0,,11.0,,209.0,2929.0
2021-11-19,S92000003,Scotland,2785,705140,,,,,,,9,9524,174.24076106842298,2987,,71.0,,1.0,,173.0,2814.0
2021-11-20,S92000003,Scotland,2214,707354,,,,,,,10,9534,174.42371020856203,2353,,53.0,,6.0,,90.0,2263.0
2021-11-21,S92000003,Scotland,2175,709529,,,,,,,9,9543,174.58836443468715,2300,,53.0,,6.0,,96.0,2204.0
2021-11-22,S92000003,Scotland,3161,712690,,,,,,,15,9558,174.86278814489572,3341,,92.0,,8.0,,205.0,3136.0
2021-11-23,S92000003,Scotland,2882,715572,,,,,,,11,9569,175.06403219904868,3070,,73.0,,8.0,,209.0,2861.0
2021-11-24,S92000003,Scotland,2896,718468,,,,,,,6,9575,175.1738016831321,3104,,99.0,,5.0,,219.0,2885.0
2021-11-25,S92000003,Scotland,2492,720960,,,,,,,10,9585,175.3567508232711,2653,,78.0,,4.0,,168.0,2485.0
2021-11-26,S92000003,Scotland,2236,723196,,,,,,,15,9600,175.63117453347968,2379,,65.0,,4.0,,174.0,2205.0
2021-11-27,S92000003,Scotland,1884,725080,,,,,,,13,9613,175.86900841566046,2027,,62.0,,7.0,,140.0,1887.0
2021-11-28,S92000003,Scotland,2331,727411,,,,,,,16,9629,176.1617270398829,2452,,55.0,,6.0,,139.0,2313.0
2021-11-29,S92000003,Scotland,3457,730868,,,,,,,11,9640,176.36297109403586,3654,,93.0,,3.0,,247.0,3407.0
2021-11-30,S92000003,Scotland,3295,734163,,,,,,,3,9643,176.41785583607756,3493,,76.0,,9.0,,241.0,3252.0
2021-12-01,S92000003,Scotland,3094,737257,,,,,,,14,9657,176.6739846322722,3296,,74.0,,2.0,,187.0,3109.0
2021-12-02,S92000003,Scotland,2927,740184,,,,,,,12,9669,176.8935236004391,3135,,64.0,,5.0,,175.0,2960.0
2021-12-03,S92000003,Scotland,2641,742825,,,,,,,7,9676,177.0215879985364,2837,,52.0,,3.0,,150.0,2687.0
2021-12-04,S92000003,Scotland,2123,744948,,,,,,,12,9688,177.24112696670326,2294,,61.0,,4.0,,122.0,2172.0
2021-12-05,S92000003,Scotland,2485,747433,,,,,,,8,9696,177.3874862788145,2660,,63.0,,2.0,,130.0,2530.0
2021-12-06,S92000003,Scotland,3765,751198,,,,,,,13,9709,177.62532016099524,4013,,94.0,,2.0,,268.0,3745.0
2021-12-07,S92000003,Scotland,3720,754918,,,,,,,18,9727,177.95462861324552,3982,,91.0,,5.0,,240.0,3742.0
2021-12-08,S92000003,Scotland,4125,759043,,,,,,,10,9737,178.13757775338456,4424,,81.0,,6.0,,242.0,4182.0
2021-12-09,S92000003,Scotland,3963,763006,,,,,,,9,9746,178.30223197950968,4296,,100.0,,2.0,,204.0,4092.0
2021-12-10,S92000003,Scotland,3722,766728,,,,,,,7,9753,178.43029637760702,3967,,69.0,,3.0,,194.0,3773.0
2021-12-11,S92000003,Scotland,3232,769960,,,,,,,8,9761,178.57665568971825,3482,,47.0,,2.0,,162.0,3320.0
2021-12-12,S92000003,Scotland,3328,773288,,,,,,,8,9769,178.7230150018295,3571,,47.0,,6.0,,139.0,3432.0
2021-12-13,S92000003,Scotland,5602,778890,,,,,,,5,9774,178.814489571899,6075,,88.0,,4.0,,314.0,5761.0
2021-12-14,S92000003,Scotland,6259,785149,,,,,,,8,9782,178.96084888401026,6848,,77.0,,3.0,,326.0,6522.0
2021-12-15,S92000003,Scotland,6845,791994,,,,,,,6,9788,179.07061836809368,7552,,88.0,,3.0,,309.0,7243.0
2021-12-16,S92000003,Scotland,6269,798263,,,,,,,7,9795,179.19868276619098,6981,,93.0,,6.0,,292.0,6689.0
2021-12-17,S92000003,Scotland,5600,803863,,,,,,,6,9801,179.30845225027443,6199,,81.0,,3.0,,275.0,5924.0
2021-12-18,S92000003,Scotland,4918,808781,,,,,,,7,9808,179.43651664837174,5538,,57.0,,3.0,,226.0,5312.0
2021-12-19,S92000003,Scotland,5273,814054,,,,,,,7,9815,179.56458104646907,5945,,53.0,,2.0,,203.0,5742.0
2021-12-20,S92000003,Scotland,8089,822143,,,,,,,12,9827,179.78412001463593,9122,,118.0,,4.0,,462.0,8660.0
2021-12-21,S92000003,Scotland,9736,831879,,,,,,,9,9836,179.94877424076105,11113,,91.0,,5.0,,570.0,10543.0
2021-12-22,S92000003,Scotland,10902,842781,,,,,,,7,9843,180.0768386388584,12614,,108.0,,7.0,,547.0,12067.0
2021-12-23,S92000003,Scotland,11326,854107,,,,,,,5,9848,180.16831320892797,13205,,97.0,,2.0,,588.0,12617.0
2021-12-24,S92000003,Scotland,8942,863049,,,,,,,5,9853,180.25978777899743,10368,,101.0,,7.0,,574.0,9794.0
2021-12-25,S92000003,Scotland,4517,867566,,,,,,,8,9861,180.40614709110864,5110,,72.0,,3.0,,219.0,4891.0
2021-12-26,S92000003,Scotland,6976,874542,,,,,,,2,9863,180.44273691913648,7905,,113.0,,4.0,,475.0,7430.0
2021-12-27,S92000003,Scotland,17293,891835,,,,,,,9,9872,180.6073911452616,19952,,137.0,,4.0,,989.0,18963.0
2021-12-28,S92000003,Scotland,18264,910099,,,,,,,14,9886,180.86351994145627,20814,,149.0,,6.0,,1213.0,19601.0
2021-12-29,S92000003,Scotland,21425,931524,,,,,,,9,9895,181.0281741675814,24599,,168.0,,1.0,,1407.0,23192.0
2021-12-30,S92000003,Scotland,20168,951692,,,,,,,10,9905,181.21112330772047,23282,,170.0,,2.0,,1472.0,21810.0
2021-12-31,S92000003,Scotland,16158,967850,,,,,,,9,9914,181.3757775338456,18680,,200.0,,1.0,,1224.0,17456.0
2022-01-01,S92000003,Scotland,6792,974642,,,,,,,9,9923,181.54043175997072,7771,,127.0,,7.0,,562.0,7209.0
2022-01-02,S92000003,Scotland,14301,988943,,,,,,,7,9930,181.66849615806805,16615,,150.0,,4.0,,934.0,15681.0
2022-01-03,S92000003,Scotland,17744,1006687,,,,,,,7,9937,181.7965605561654,20538,,153.0,,8.0,,1353.0,19185.0
2022-01-04,S92000003,Scotland,17859,1024546,,,,,,,19,9956,182.1441639224296,21016,,187.0,,8.0,,1364.0,19652.0
2022-01-05,S92000003,Scotland,20510,1045056,16955.0,1041501.0,939.0,939.0,2616.0,2616.0,10,9966,182.3271130625686,25808,4299.0,156.0,,8.0,,1397.0,20112.0
2022-01-06,S92000003,Scotland,12611,1057667,8785.0,1050286.0,2100.0,3039.0,1726.0,4342.0,19,9985,182.6747164288328,17749,5224.0,173.0,,8.0,,944.0,11581.0
2022-01-07,S92000003,Scotland,8243,1065910,5175.0,1055461.0,1904.0,4943.0,1164.0,5506.0,10,9995,182.8576655689718,12033,4277.0,170.0,,6.0,,759.0,6997.0
2022-01-08,S92000003,Scotland,6550,1072460,3655.0,1059116.0,1794.0,6737.0,1101.0,6607.0,14,10009,183.11379436516648,9954,4285.0,147.0,,6.0,,443.0,5226.0
2022-01-09,S92000003,Scotland,6942,1079402,3452.0,1062568.0,2193.0,8930.0,1297.0,7904.0,18,10027,183.4431028174168,10294,5018.0,156.0,,13.0,,499.0,4777.0
2022-01-10,S92000003,Scotland,8470,1087872,5003.0,1067571.0,2203.0,11133.0,1264.0,9168.0,19,10046,183.79070618368087,12695,5075.0,167.0,,8.0,,876.0,6744.0
2022-01-11,S92000003,Scotland,7489,1095361,4258.0,1071829.0,2048.0,13181.0,1183.0,10351.0,14,10060,184.0468349798756,11363,4840.0,177.0,,8.0,,957.0,5566.0
2022-01-12,S92000003,Scotland,6947,1102308,3720.0,1075549.0,2232.0,15413.0,995.0,11346.0,16,10076,184.33955360409809,10432,4814.0,148.0,,5.0,,783.0,4835.0
2022-01-13,S92000003,Scotland,6614,1108922,3440.0,1078989.0,2184.0,17597.0,990.0,12336.0,30,10106,184.8884010245152,9981,4687.0,155.0,,6.0,,655.0,4639.0
2022-01-14,S92000003,Scotland,5871,1114793,2984.0,1081973.0,2069.0,19666.0,818.0,13154.0,18,10124,185.21770947676544,8885,4304.0,153.0,,4.0,,630.0,3951.0
2022-01-15,S92000003,Scotland,5247,1120040,2378.0,1084351.0,2118.0,21784.0,751.0,13905.0,24,10148,185.65678741309915,7936,4311.0,94.0,,5.0,,311.0,3314.0
2022-01-16,S92000003,Scotland,6390,1126430,2486.0,1086837.0,2851.0,24635.0,1053.0,14958.0,21,10169,186.0409806073912,9429,5625.0,91.0,,7.0,,407.0,3397.0
2022-01-17,S92000003,Scotland,8253,1134683,3802.0,1090639.0,3246.0,27881.0,1205.0,16163.0,18,10187,186.3702890596414,12223,6242.0,133.0,,3.0,,718.0,5263.0
2022-01-18,S92000003,Scotland,7688,1142371,3468.0,1094107.0,3225.0,31106.0,995.0,17158.0,17,10204,186.6813025978778,11195,5941.0,130.0,,4.0,,657.0,4597.0
2022-01-19,S92000003,Scotland,7081,1149452,3098.0,1097205.0,3003.0,34109.0,980.0,18138.0,23,10227,187.1020856201976,10508,5688.0,125.0,,4.0,,654.0,4166.0
2022-01-20,S92000003,Scotland,6432,1155884,2766.0,1099971.0,2808.0,36917.0,858.0,18996.0,18,10245,187.43139407244783,9359,5131.0,117.0,,4.0,,446.0,3782.0
2022-01-21,S92000003,Scotland,6034,1161918,2465.0,1102436.0,2745.0,39662.0,824.0,19820.0,21,10266,187.81558726673984,8895,5033.0,126.0,,3.0,,384.0,3478.0
2022-01-22,S92000003,Scotland,5543,1167461,2059.0,1104495.0,2683.0,42345.0,801.0,20621.0,13,10279,188.0534211489206,8349,5097.0,89.0,,4.0,,262.0,2990.0
2022-01-23,S92000003,Scotland,6599,1174060,2083.0,1106578.0,3528.0,45873.0,988.0,21609.0,20,10299,188.41931942919868,9802,6541.0,82.0,,2.0,,257.0,3004.0
2022-01-24,S92000003,Scotland,8544,1182604,3554.0,1110132.0,3818.0,49691.0,1172.0,22781.0,17,10316,188.73033296743503,12644,7062.0,123.0,,7.0,,641.0,4941.0
2022-01-25,S92000003,Scotland,7579,1190183,3146.0,1113278.0,3409.0,53100.0,1024.0,23805.0,16,10332,189.02305159165752,11354,6456.0,120.0,,5.0,,475.0,4423.0
2022-01-26,S92000003,Scotland,7351,1197534,2970.0,1116248.0,3354.0,56454.0,1027.0,24832.0,14,10346,189.27918038785216,10968,6273.0,92.0,,4.0,,528.0,4167.0
2022-01-27,S92000003,Scotland,6375,1203909,2644.0,1118892.0,2886.0,59340.0,845.0,25677.0,21,10367,189.66337358214412,9688,5505.0,85.0,,4.0,,393.0,3790.0
2022-01-28,S92000003,Scotland,5978,1209887,2397.0,1121289.0,2778.0,62118.0,803.0,26480.0,21,10388,190.04756677643616,8987,5184.0,96.0,,4.0,,357.0,3446.0
2022-01-29,S92000003,Scotland,4913,1214800,1568.0,1122857.0,2639.0,64757.0,706.0,27186.0,14,10402,190.3036955726308,7589,5102.0,63.0,,3.0,,227.0,2260.0
2022-01-30,S92000003,Scotland,6222,1221022,1960.0,1124817.0,3315.0,68072.0,947.0,28133.0,13,10415,190.54152945481155,9419,6338.0,74.0,,2.0,,216.0,2865.0
2022-01-31,S92000003,Scotland,7935,1228957,3321.0,1128138.0,3464.0,71536.0,1150.0,29283.0,11,10426,190.7427735089645,12167,6843.0,110.0,,2.0,,502.0,4822.0
2022-02-01,S92000003,Scotland,7471,1236428,2960.0,1131098.0,3407.0,74943.0,1104.0,30387.0,20,10446,191.10867178924255,11289,6552.0,116.0,,4.0,,471.0,4266.0
2022-02-02,S92000003,Scotland,7100,1243528,2899.0,1133997.0,3168.0,78111.0,1033.0,31420.0,10,10456,191.29162092938165,10772,6089.0,83.0,,5.0,,381.0,4302.0
2022-02-03,S92000003,Scotland,6430,1249958,2667.0,1136664.0,2913.0,81024.0,850.0,32270.0,14,10470,191.5477497255763,9782,5412.0,87.0,,5.0,,422.0,3948.0
2022-02-04,S92000003,Scotland,5361,1255319,2218.0,1138882.0,2482.0,83506.0,661.0,32931.0,5,10475,191.63922429564585,8230,4551.0,102.0,,4.0,,302.0,3377.0
2022-02-05,S92000003,Scotland,4732,1260051,1705.0,1140587.0,2397.0,85903.0,630.0,33561.0,12,10487,191.85876326381265,7371,4639.0,68.0,,2.0,,197.0,2535.0
2022-02-06,S92000003,Scotland,5405,1265456,1747.0,1142334.0,2909.0,88812.0,749.0,34310.0,8,10495,192.00512257592388,8352,5562.0,51.0,,1.0,,242.0,2548.0
2022-02-07,S92000003,Scotland,6873,1272329,2831.0,1145165.0,3076.0,91888.0,966.0,35276.0,5,10500,192.09659714599343,10566,6112.0,96.0,,2.0,,513.0,3941.0
2022-02-08,S92000003,Scotland,7602,1279931,3267.0,1148432.0,3298.0,95186.0,1037.0,36313.0,6,10506,192.20636663007684,11372,6312.0,93.0,,3.0,,544.0,4516.0
2022-02-09,S92000003,Scotland,7276,1287207,3202.0,1151634.0,3138.0,98324.0,936.0,37249.0,3,10509,192.26125137211852,10947,5974.0,,:,3.0,,497.0,4476.0
2022-02-10,S92000003,Scotland,5961,1293168,2619.0,1154253.0,2672.0,100996.0,670.0,37919.0,3,10512,192.31613611416023,9175,5067.0,,:,4.0,,386.0,3722.0
2022-02-11,S92000003,Scotland,5435,1298603,2418.0,1156671.0,2532.0,103528.0,485.0,38404.0,0,10512,192.31613611416023,8210,4504.0,,:,3.0,,336.0,3370.0
2022-02-12,S92000003,Scotland,4714,1303317,1789.0,1158460.0,2589.0,106117.0,336.0,38740.0,0,10512,192.31613611416023,7209,4439.0,,:,3.0,,161.0,2609.0
2022-02-13,S92000003,Scotland,2975,1306292,245.0,1158705.0,2639.0,108756.0,91.0,38831.0,0,10512,192.31613611416023,4632,4266.0,,:,1.0,,85.0,281.0
